cik_date,GrossProfit,GrossMargin,WorkingCapitalRatio,EarningPerShare,DebtToEquityRatio,PEratio,ReturnOfEquity,EBIDTAratio,EvRatio,EVbyEbidta,ChurnRate,GrowthRate,ProfitMargin,RuleOf40,MarketCap,MagicNumber,wce_label,eps_label,de_label,pe_label,roe_label,growth_rate_label,profitm_label,grossm_label,ro40_label,churnrate_label,EVbyEbidta_label,marketCap_label,magicNum_label,aggregate,predicted_aggregate
1459417_2019,2422535602.975138,0.7226859723149172,1.67323698,-0.339064057,0.130246146,-70.75359214,-1.800098382,247447719.7106599,56744904338.99978,13.270622841333333,0.0,0.0,0.0,0.0,1525022925.0,-0.6239197943476191,1.0,0.0,0.0,0.0,0.0,0.0,0.0,0.0,0.0,1.0,0.0,0.0,0.0,0.15384615384615385,0.15349734
1459417_2020,2422535602.975138,0.7226859723149172,2.548277155,-2.9879842,0.144159327,-13.39029838,-13.1475415,247447719.7106599,56744904338.99978,13.270622841333333,9.043796975,904.3796975,904.3796975,1808.759395,2898785355.0,-0.6239197943476191,0.0,0.0,0.0,0.0,0.0,1.0,1.0,0.0,1.0,0.0,0.0,1.0,0.0,0.3076923076923077,0.3073212
1459417_2021,2422535602.975138,0.7226859723149172,1.18094073,-2.571010051,0.192153503,-7.806270532,-11.22164427,247447719.7106599,56744904338.99978,13.270622841333333,-0.100321502,-10.03215018,-10.03215018,-20.06430036,1520396086.0,-0.6239197943476191,0.0,0.0,0.0,0.0,0.0,0.0,0.0,0.0,0.0,1.0,0.0,0.0,0.0,0.07692307692307693,0.077334434
1023731_2020,301224000.0,0.675031429,2.24559044,-0.332093991,0.197330345,-41.73517254,-5.478245299,-159819000.0,56744904338.99978,13.270622841333333,0.0,0.0,0.0,0.0,1430055687.0,-0.23628916,0.0,0.0,0.0,0.0,0.0,0.0,0.0,1.0,0.0,1.0,0.0,0.0,0.0,0.15384615384615385,0.15347013
1023731_2021,352262000.0,0.661718738,2.278279425,-0.412645872,0.160628763,-70.4478148,-5.959692606,-146149000.0,56744904338.99978,13.270622841333333,0.314285714,31.42857143,31.42857143,62.85714286,3172546892.0,-0.310551468,0.0,0.0,0.0,0.0,0.0,0.0,1.0,1.0,1.0,1.0,0.0,1.0,0.0,0.38461538461538464,0.38416624
1580808_2020,175379000.0,0.777640815,2.248125812,0.233358657,0.253281759,42.25255725,4.186739485,67881000.0,56744904338.99978,13.270622841333333,0.0,0.0,0.0,0.0,752771560.0,0.355268406,0.0,0.0,0.0,1.0,0.0,0.0,0.0,1.0,0.0,1.0,0.0,0.0,0.0,0.23076923076923078,0.24124244
1580808_2021,196537000.0,0.786015949,2.446646854,1.225566046,0.260259845,13.52844267,21.27344267,86893000.0,56744904338.99978,13.270622841333333,4.325942973,432.5942973,432.5942973,865.1885945,1283673340.0,1.892139268,0.0,1.0,0.0,1.0,1.0,1.0,1.0,1.0,1.0,0.0,0.0,0.0,1.0,0.6153846153846154,0.6151699
935036_2019,2422535602.975138,0.7226859723149172,1.504005229,0.578188717,0.541564009,65.5235893,5.934858332,247447719.7106599,56744904338.99978,13.270622841333333,0.0,0.0,0.0,0.0,4394142946.0,-0.6239197943476191,1.0,0.0,1.0,1.0,0.0,0.0,0.0,0.0,0.0,1.0,0.0,1.0,0.0,0.38461538461538464,0.28916827
935036_2020,2422535602.975138,0.7226859723149172,1.275295521,0.620430743,0.750544714,61.94083773,6.021894634,247447719.7106599,56744904338.99978,13.270622841333333,0.083474993,8.347499329,8.347499329,16.69499866,4500621270.0,-0.6239197943476191,0.0,0.0,1.0,1.0,0.0,0.0,0.0,0.0,0.0,1.0,0.0,1.0,0.0,0.3076923076923077,0.30899167
935036_2021,2422535602.975138,0.7226859723149172,1.243025638,1.104216272,0.605855507,31.4250033,10.26617619,247447719.7106599,56744904338.99978,13.270622841333333,0.758753097,75.87530966,75.87530966,151.7506193,4015832596.0,-0.6239197943476191,0.0,1.0,1.0,1.0,0.0,1.0,1.0,0.0,1.0,1.0,0.0,1.0,0.0,0.6153846153846154,0.6143329
796343_2019,2422535602.975138,0.7226859723149172,0.79294032,6.119053197,0.552375746,50.58462315,19.903872,247447719.7106599,163363000000.0,13.270622841333333,0.0,0.0,0.0,0.0,149298000000.0,-0.6239197943476191,0.0,1.0,1.0,1.0,1.0,0.0,0.0,0.0,0.0,1.0,0.0,1.0,0.0,0.46153846153846156,0.46174088
796343_2020,2422535602.975138,0.7226859723149172,1.477866473,10.98121086,0.281066748,43.44056464,26.82168171,247447719.7106599,247747000000.0,13.270622841333333,0.782170033,78.21700326,78.21700326,156.4340065,228497000000.0,-0.6239197943476191,0.0,1.0,0.0,1.0,1.0,1.0,1.0,0.0,1.0,1.0,0.0,1.0,0.0,0.6153846153846154,0.61486185
796343_2021,2422535602.975138,0.7226859723149172,1.250577034,10.15157895,0.289981175,60.73242431,20.17151224,247447719.7106599,317036000000.0,13.270622841333333,-0.083269962,-8.326996198,-8.326996198,-16.6539924,292852000000.0,-0.6239197943476191,0.0,1.0,0.0,1.0,1.0,0.0,0.0,0.0,0.0,1.0,0.0,1.0,0.0,0.38461538461538464,0.40955824
78749_2021,89376000.0,0.651542544,2.18439042,-0.874650734,0.763696229,-54.83331589,-26.2920026,247447719.7106599,56744904338.99978,13.270622841333333,0.0,0.0,0.0,0.0,1151554467.0,-0.439351464,0.0,0.0,1.0,0.0,0.0,0.0,0.0,1.0,0.0,1.0,0.0,0.0,0.0,0.23076923076923078,0.23061556
1459200_2019,318764000.0,0.634529215,3.214908635,1.099183086,0.20730143,39.0926685,14.64087718,234012000.0,56744904338.99978,13.270622841333333,0.0,0.0,0.0,0.0,2092669638.0,0.291564769,0.0,1.0,0.0,1.0,0.0,0.0,0.0,1.0,0.0,1.0,0.0,1.0,0.0,0.38461538461538464,0.38457963
1459200_2020,390575000.0,0.631995314,4.403771996,0.322672432,0.192931297,320.6037759,3.413561032,283726000.0,56744904338.99978,13.270622841333333,-0.701724235,-70.17242346,-70.17242346,-140.3448469,5119080489.0,0.086966705,0.0,0.0,0.0,1.0,0.0,0.0,0.0,1.0,0.0,1.0,0.0,1.0,0.0,0.3076923076923077,0.30083886
1459200_2021,443070000.0,0.591573216,7.09468915,0.181975717,0.210936009,466.0511928,1.491600168,367471000.0,56744904338.99978,13.270622841333333,-0.427193587,-42.71935868,-42.71935868,-85.43871735,4262504209.0,0.040214925,0.0,0.0,0.0,1.0,0.0,0.0,0.0,1.0,0.0,1.0,0.0,1.0,0.0,0.3076923076923077,0.30782834
1701732_2019,326316000.0,0.711059782,2.305659859,-0.036393594,0.430964148,-986.7121238,-0.423448085,140806000.0,1791869610.0,12.72580437,0.0,0.0,0.0,0.0,1482041610.0,-0.011327386,0.0,0.0,0.0,0.0,0.0,0.0,0.0,1.0,0.0,1.0,0.0,0.0,0.0,0.15384615384615385,0.18098763
1701732_2020,348616000.0,0.741860866,1.927408669,-0.237470599,0.422934719,-244.9987505,-2.212067778,133018000.0,2994587880.0,22.51265152,5.990679095,599.0679095,599.0679095,1198.135819,2572486880.0,-0.079186118,1.0,0.0,0.0,0.0,0.0,1.0,1.0,1.0,1.0,0.0,0.0,1.0,0.0,0.46153846153846156,0.46162277
1701732_2021,402513000.0,0.756348898,1.241030174,-0.170677742,0.654461453,-453.0174756,-1.214261846,142005000.0,56744904338.99978,13.270622841333333,-0.16247619,-16.24761905,-16.24761905,-32.4952381,3983835680.0,-0.072494951,0.0,0.0,1.0,0.0,0.0,0.0,0.0,1.0,0.0,1.0,0.0,1.0,0.0,0.3076923076923077,0.3073454
1689923_2019,378759000.0,0.90631715,3.93787222,0.58951898,0.580903586,169.7485636,7.222286289,77132000.0,56744904338.99978,13.270622841333333,0.0,0.0,0.0,0.0,5209243920.0,0.783836939,0.0,0.0,1.0,1.0,0.0,0.0,0.0,1.0,0.0,1.0,0.0,1.0,0.0,0.38461538461538464,0.3352714
1689923_2020,451469000.0,0.911491436,3.626178784,0.375805846,0.548395276,324.0769167,4.505904606,39932000.0,56744904338.99978,13.270622841333333,-0.281966893,-28.19668926,-28.19668926,-56.39337852,7141034860.0,0.562820873,0.0,0.0,1.0,1.0,0.0,0.0,0.0,1.0,0.0,1.0,0.0,1.0,0.0,0.38461538461538464,0.32907492
1689923_2021,480382000.0,0.896009401,2.281285151,-3.006156832,0.683048554,-20.12536384,-30.01135775,-80512000.0,56744904338.99978,13.270622841333333,-9.15434536,-915.434536,-915.434536,-1830.869072,3616145500.0,-4.098656447,0.0,0.0,1.0,0.0,0.0,0.0,0.0,1.0,0.0,1.0,0.0,1.0,0.0,0.3076923076923077,0.31253555
713425_2021,60980000.0,0.547357461,2.696648508,0.227030551,0.317658566,91.13310923,5.071727736,54789000.0,56744904338.99978,13.270622841333333,0.0,0.0,0.0,0.0,737175720.5,0.160406917,0.0,0.0,0.0,1.0,0.0,0.0,0.0,1.0,0.0,1.0,0.0,0.0,0.0,0.23076923076923078,0.23107034
1540755_2020,2422535602.975138,0.7226859723149172,1.504475254,-1.10127311,0.390250708,-52.29402179,-18.92543189,247447719.7106599,56744904338.99978,13.270622841333333,0.0,0.0,0.0,0.0,7803157050.0,-1.643775406,1.0,0.0,0.0,0.0,0.0,0.0,0.0,0.0,0.0,1.0,0.0,1.0,0.0,0.23076923076923078,0.23043773
1540755_2021,2422535602.975138,0.7226859723149172,1.305685057,-1.072925813,0.434512415,-62.16646035,-16.5111179,247447719.7106599,56744904338.99978,13.270622841333333,0.031832834,3.183283406,3.183283406,6.366566812,9571583400.0,-1.696101435,0.0,0.0,0.0,0.0,0.0,0.0,0.0,0.0,0.0,1.0,0.0,1.0,0.0,0.15384615384615385,0.15489686
1013462_2019,2422535602.975138,0.7226859723149172,2.23764997,0.4750310783682274,0.201292705,inf,13.06821522,247447719.7106599,56744904338.99978,13.270622841333333,0.0,0.0,0.0,0.0,27774689024.26294,2.714180895,0.0,0.0,0.0,0.0,0.0,0.0,0.0,0.0,0.0,1.0,0.0,0.0,1.0,0.15384615384615385,0.1823799
1013462_2020,2422535602.975138,0.7226859723149172,2.358916064,0.4750310783682274,0.177854506,inf,10.58810524,247447719.7106599,56744904338.99978,13.270622841333333,-0.038573439,-3.857343866,-3.857343866,-7.714687732,27774689024.26294,2.609485605,0.0,0.0,0.0,0.0,0.0,0.0,0.0,0.0,0.0,1.0,0.0,0.0,1.0,0.15384615384615385,0.15366474
1013462_2021,2422535602.975138,0.7226859723149172,2.104805187,0.4750310783682274,0.173613663,inf,10.13876301,247447719.7106599,56744904338.99978,13.270622841333333,0.047800464,4.780046418,4.780046418,9.560092835,27774689024.26294,2.018196427,0.0,0.0,0.0,0.0,0.0,0.0,0.0,0.0,0.0,1.0,0.0,0.0,1.0,0.15384615384615385,0.15395579
1433195_2019,154370000.0,0.602979548,1.302206487,2.062180289,0.293797869,53.31735571,22.46438279,247447719.7106599,56744904338.99978,13.270622841333333,0.0,0.0,0.0,0.0,1934460300.0,0.356958738,0.0,1.0,0.0,1.0,1.0,0.0,0.0,1.0,0.0,1.0,0.0,0.0,0.0,0.38461538461538464,0.41250238
1433195_2020,191027000.0,0.616104833,4.002670415,8.457632548,0.174192082,21.28728092,55.40116116,247447719.7106599,56744904338.99978,13.270622841333333,3.365883909,336.5883909,336.5883909,673.1767819,3371969160.0,1.558440408,0.0,1.0,0.0,1.0,1.0,1.0,1.0,1.0,1.0,0.0,0.0,1.0,1.0,0.6923076923076923,0.6924027
1433195_2021,215426000.0,0.599454601,3.012708484,0.052943297,0.177018707,2286.597296,0.345684492,247447719.7106599,56744904338.99978,13.270622841333333,-0.993510224,-99.35102239,-99.35102239,-198.7020448,2350622020.0,0.008636551,0.0,0.0,0.0,1.0,0.0,0.0,0.0,1.0,0.0,1.0,0.0,1.0,0.0,0.3076923076923077,0.30743307
1441683_2018,141818000.0,0.625457015,1.632588531,-0.405448956,0.588229096,-65.87758972,-6.369225413,38206000.0,56744904338.99978,13.270622841333333,0.0,0.0,0.0,0.0,915896129.9,-0.163709155,1.0,0.0,1.0,0.0,0.0,0.0,0.0,1.0,0.0,1.0,0.0,0.0,0.0,0.3076923076923077,0.3073407
1441683_2019,172506000.0,0.647673899,1.965532864,-0.03831963,0.414353135,-997.1390771,-0.388057337,44743000.0,56744904338.99978,13.270622841333333,-0.904840682,-90.48406819,-90.48406819,-180.9681364,1319214999.0,-0.015578452,1.0,0.0,0.0,0.0,0.0,0.0,0.0,1.0,0.0,1.0,0.0,0.0,0.0,0.23076923076923078,0.17487445
1441683_2020,215807000.0,0.708555913,2.344118855,-0.859016235,0.331325532,-188.6925921,-7.115226845,50864000.0,56744904338.99978,13.270622841333333,24.30385488,2430.385488,2430.385488,4860.770975,6316861907.0,-0.356741723,0.0,0.0,0.0,0.0,0.0,1.0,1.0,1.0,1.0,0.0,0.0,1.0,0.0,0.38461538461538464,0.42282298
1441683_2021,265166000.0,0.718103012,1.568062451,-2.21800468,0.43393452,-29.40029865,-17.83061908,20186000.0,56744904338.99978,13.270622841333333,1.647817905,164.7817905,164.7817905,329.563581,2606071873.0,-0.998591803,1.0,0.0,0.0,0.0,0.0,1.0,1.0,1.0,1.0,0.0,0.0,1.0,0.0,0.46153846153846156,0.4619528
1477720_2021,198263000.0,0.873389896,2.726779466,-1.311060193,0.309252841,-26.97816636,-40.04986607,-146826000.0,56744904338.99978,13.270622841333333,0.0,0.0,0.0,0.0,5711547600.0,-7.366132007,0.0,0.0,0.0,0.0,0.0,0.0,0.0,1.0,0.0,1.0,0.0,1.0,0.0,0.23076923076923078,0.23109648
929940_2019,2422535602.975138,0.7226859723149172,1.419257276,3.707676832,0.260840614,22.16482281,20.85216955,247447719.7106599,56744904338.99978,13.270622841333333,0.0,0.0,0.0,0.0,5823452555.0,-0.6239197943476191,0.0,1.0,0.0,1.0,1.0,0.0,0.0,0.0,0.0,1.0,0.0,1.0,0.0,0.38461538461538464,0.38432646
929940_2020,2422535602.975138,0.7226859723149172,2.773755,3.391545129,0.160798996,35.65631457,15.74890457,247447719.7106599,56744904338.99978,13.270622841333333,-0.125842106,-12.58421065,-12.58421065,-25.16842129,8189221424.0,-0.6239197943476191,0.0,1.0,0.0,1.0,1.0,0.0,0.0,0.0,0.0,1.0,0.0,1.0,0.0,0.38461538461538464,0.38445598
929940_2021,2422535602.975138,0.7226859723149172,5.428651169,4.709068302,0.079594721,inf,17.98532506,247447719.7106599,56744904338.99978,13.270622841333333,0.39243962,39.24396202,39.24396202,78.48792403,27774689024.26294,-0.6239197943476191,0.0,1.0,0.0,0.0,1.0,0.0,1.0,0.0,1.0,1.0,0.0,0.0,0.0,0.38461538461538464,0.38439515
884144_2020,38093000.0,0.581510373,1.023449888,-0.859831313,2.403129355,-8.257433634,-11.1985335,247447719.7106599,56744904338.99978,13.270622841333333,0.0,0.0,0.0,0.0,134687000.0,-0.594987962,0.0,0.0,0.0,0.0,0.0,0.0,0.0,1.0,0.0,1.0,0.0,0.0,0.0,0.15384615384615385,0.15439013
884144_2021,46564000.0,0.6121687,1.073041671,0.159426802,1.471347321,49.11344817,2.017821031,247447719.7106599,56744904338.99978,13.270622841333333,-1.195757464,-119.5757464,-119.5757464,-239.1514929,156819240.0,0.116473335,0.0,0.0,1.0,1.0,0.0,0.0,0.0,1.0,0.0,1.0,0.0,0.0,0.0,0.3076923076923077,0.30770713
1362190_2021,2422535602.975138,0.7226859723149172,2.21389087,-1.242588544,0.126179842,-5.649496798,-15.98510502,247447719.7106599,56744904338.99978,13.270622841333333,0.0,0.0,0.0,0.0,80273700.0,-0.6239197943476191,0.0,0.0,0.0,0.0,0.0,0.0,0.0,0.0,0.0,1.0,0.0,0.0,0.0,0.07692307692307693,0.07820526
769397_2019,181999784.0,0.999998813,0.703980532,2.95e-07,1.110885832,499160432.8,3.123340574,181997691.1,56744904338.99978,13.270622841333333,0.0,0.0,0.0,0.0,32295680000.0,0.299537037,0.0,0.0,1.0,1.0,0.0,0.0,0.0,1.0,0.0,1.0,0.0,1.0,0.0,0.38461538461538464,0.38468122
769397_2020,3050.4,0.931618972,0.826074801,9.78e-07,1.389382823,201346806.5,9.257660768,667.9,56744904338.99978,13.270622841333333,2.315301391,231.5301391,231.5301391,463.0602782,43188890000.0,0.993055556,0.0,0.0,1.0,1.0,0.0,1.0,1.0,1.0,1.0,0.0,0.0,1.0,0.0,0.5384615384615384,0.5382631
769397_2021,3548.3,0.936128113,0.829323747,5.501821494,1.262049711,50.42511836,46.84943193,966.2,56744904338.99978,13.270622841333333,4.632634033,463.2634033,463.2634033,926.5268065,60923.628,5.396159,0.0,1.0,1.0,1.0,1.0,1.0,1.0,1.0,1.0,0.0,0.0,0.0,1.0,0.6923076923076923,0.6844146
769397_2022,4087.3,0.931811964,0.689330074,2.277726856,1.371626013,109.6663541,17.00249735,1036.1,56744904338.99978,13.270622841333333,-0.588644264,-58.86442642,-58.86442642,-117.7288528,54504.178,2.052870715,0.0,1.0,1.0,1.0,1.0,0.0,0.0,1.0,0.0,1.0,0.0,0.0,1.0,0.5384615384615384,0.47243166
8670_2020,6144.7,0.421164101,1.047715308,5.737380786,5.237404819,25.950866,42.8792462,247447719.7106599,56744904338.99978,13.270622841333333,0.0,0.0,0.0,0.0,64007.811,0.292062853,0.0,1.0,0.0,1.0,1.0,0.0,0.0,0.0,0.0,1.0,0.0,0.0,0.0,0.3076923076923077,0.30696633
8670_2021,6365.1,0.424187293,1.069484549,6.132877036,6.718541119,32.38610506,45.82811591,247447719.7106599,56744904338.99978,13.270622841333333,0.05351713,5.351712954,5.351712954,10.70342591,84155.294,0.307693219,0.0,1.0,0.0,1.0,1.0,0.0,0.0,0.0,0.0,1.0,0.0,0.0,0.0,0.3076923076923077,0.30864924
1348036_2019,2422535602.975138,0.7226859723149172,2.078828556,-6.48e-07,0.279180281,-113009282.9,-5.14e-06,40864000.0,56744904338.99978,13.270622841333333,0.0,0.0,0.0,0.0,5673066000.0,-0.6239197943476191,0.0,0.0,0.0,0.0,0.0,0.0,0.0,0.0,0.0,1.0,0.0,1.0,0.0,0.15384615384615385,0.1539779
1348036_2020,2422535602.975138,0.7226859723149172,2.197945365,-5.78e-07,0.230943763,-285065317.5,-3e-06,81127000.0,56744904338.99978,13.270622841333333,-0.019920319,-1.992031873,-1.992031873,-3.984063745,14025213620.0,-0.6239197943476191,0.0,0.0,0.0,0.0,0.0,0.0,0.0,0.0,0.0,1.0,0.0,1.0,0.0,0.15384615384615385,0.15276131
1348036_2021,2422535602.975138,0.7226859723149172,3.127899336,-1.44e-06,0.331104479,-89806729.79,-7.3e-06,98279000.0,56744904338.99978,13.270622841333333,1.544715447,154.4715447,154.4715447,308.9430894,11243802570.0,-0.6239197943476191,0.0,0.0,0.0,0.0,0.0,1.0,1.0,0.0,1.0,0.0,0.0,1.0,0.0,0.3076923076923077,0.3088473
1418100_2020,2159000000.0,0.75147929,1.388742304,0.444292969,0.784679089,36.01227373,2.553485162,838000000.0,56744904338.99978,13.270622841333333,0.0,0.0,0.0,0.0,1332454128.0,0.051820728,0.0,0.0,1.0,1.0,0.0,0.0,0.0,1.0,0.0,1.0,0.0,0.0,0.0,0.3076923076923077,0.25966996
1418100_2021,2221000000.0,0.747056845,1.450319052,-0.154549212,0.747784594,-128.049828,-0.886162236,1503000000.0,56744904338.99978,13.270622841333333,-1.351351351,-135.1351351,-135.1351351,-270.2702703,1664647764.0,-0.018207283,0.0,0.0,1.0,0.0,0.0,0.0,0.0,1.0,0.0,1.0,0.0,0.0,0.0,0.23076923076923078,0.23107666
1015739_2021,2422535602.975138,0.7226859723149172,6.761017244,-0.269454983,0.058714639,inf,-5.956350099,247447719.7106599,56744904338.99978,13.270622841333333,0.0,0.0,0.0,0.0,27774689024.26294,-4.81322314,0.0,0.0,0.0,0.0,0.0,0.0,0.0,0.0,0.0,1.0,0.0,0.0,0.0,0.07692307692307693,0.07748097
1576169_2020,138753000.0,0.517462827,3.742494942,-0.751590622,0.143396244,-19.26580717,-5.684426258,126420000.0,56744904338.99978,13.270622841333333,0.0,0.0,0.0,0.0,468101316.7,-0.187784029,0.0,0.0,0.0,0.0,0.0,0.0,0.0,1.0,0.0,1.0,0.0,0.0,0.0,0.15384615384615385,0.10322997
1576169_2021,140384000.0,0.533582671,1.552633036,-0.9613113,0.167261748,-23.9256524,-7.448005668,117003000.0,56744904338.99978,13.270622841333333,0.323867144,32.38671441,32.38671441,64.77342882,769592535.0,-0.248601107,1.0,0.0,0.0,0.0,0.0,0.0,1.0,1.0,1.0,1.0,0.0,0.0,0.0,0.38461538461538464,0.2792014
1031308_2020,2422535602.975138,0.7226859723149172,0.730865311,0.464886666,0.628183556,87.139518,17.07175559,317305000.0,56744904338.99978,13.270622841333333,0.0,0.0,0.0,0.0,11024978957.0,-0.6239197943476191,0.0,0.0,1.0,1.0,1.0,0.0,0.0,0.0,0.0,1.0,0.0,1.0,0.0,0.38461538461538464,0.38448152
1031308_2021,2422535602.975138,0.7226859723149172,1.036972489,0.329851988,0.63325958,146.5202628,9.937247082,311128000.0,56744904338.99978,13.270622841333333,-0.263426625,-26.34266248,-26.34266248,-52.68532497,13654516329.0,-0.6239197943476191,0.0,0.0,1.0,1.0,0.0,0.0,0.0,0.0,0.0,1.0,0.0,1.0,0.0,0.3076923076923077,0.30800378
1626450_2021,2422535602.975138,0.7226859723149172,7.236757893,-1.060378089,0.118838688,-33.35602684,-14.50732206,-27464000.0,56744904338.99978,13.270622841333333,0.0,0.0,0.0,0.0,2557640070.0,-0.6239197943476191,0.0,0.0,0.0,0.0,0.0,0.0,0.0,0.0,0.0,1.0,0.0,1.0,0.0,0.15384615384615385,0.15846404
1786352_2020,118456000.0,0.751624365,1.419001853,-0.104464118,1.956547155,-863.5501082,-0.97066195,4946000.0,56744904338.99978,13.270622841333333,0.0,0.0,0.0,0.0,7183873350.0,-0.212522992,0.0,0.0,0.0,0.0,0.0,0.0,0.0,1.0,0.0,1.0,0.0,1.0,0.0,0.23076923076923078,0.29934433
1786352_2021,176459000.0,0.740599752,1.550544168,-1.21e-07,0.837424991,-1518530063.0,-4.1e-07,-52161000.0,56744904338.99978,13.270622841333333,-0.99999863,-99.99986296,-99.99986296,-199.9997259,17311242720.0,-2.91e-07,1.0,0.0,1.0,0.0,0.0,0.0,0.0,1.0,0.0,1.0,0.0,1.0,0.0,0.38461538461538464,0.38493305
1280058_2019,481999000.0,0.535302852,0.742831225,0.4750310783682274,2.1599571,inf,2.60111314,445569000.0,56744904338.99978,13.270622841333333,0.0,0.0,0.0,0.0,27774689024.26294,0.028459171,0.0,0.0,0.0,0.0,0.0,0.0,0.0,1.0,0.0,1.0,0.0,0.0,0.0,0.15384615384615385,0.15397635
1280058_2020,485154000.0,0.531257015,0.808226532,0.4750310783682274,1.859583128,inf,1.416059439,465308000.0,56744904338.99978,13.270622841333333,-0.35194827,-35.19482701,-35.19482701,-70.38965401,27774689024.26294,0.018443015,0.0,0.0,0.0,0.0,0.0,0.0,0.0,1.0,0.0,1.0,0.0,0.0,0.0,0.15384615384615385,0.15459841
1280058_2021,484545000.0,0.522285339,0.76689479,0.4750310783682274,1.145217338,inf,0.588073198,468101000.0,56744904338.99978,13.270622841333333,-0.261630167,-26.16301672,-26.16301672,-52.32603343,27774689024.26294,0.013311063,0.0,0.0,1.0,0.0,0.0,0.0,0.0,1.0,0.0,1.0,0.0,0.0,0.0,0.23076923076923078,0.19638023
1666134_2019,230001000.0,0.795917308,3.494765625,-0.032772527,0.368797826,-1573.268986,-0.326577881,247447719.7106599,56744904338.99978,13.270622841333333,0.0,0.0,0.0,0.0,2883802051.0,-0.031080967,0.0,0.0,0.0,0.0,0.0,0.0,0.0,1.0,0.0,1.0,0.0,1.0,0.0,0.23076923076923078,0.24271056
1666134_2020,282765000.0,0.803910308,2.781805802,-0.15356579,0.389117617,-868.5528222,-1.42235953,247447719.7106599,56744904338.99978,13.270622841333333,3.832515003,383.2515003,383.2515003,766.5030005,7693640899.0,-0.150199237,0.0,0.0,0.0,0.0,0.0,1.0,1.0,1.0,1.0,0.0,0.0,1.0,0.0,0.38461538461538464,0.45731103
1666134_2021,327835000.0,0.770097203,4.17788001,-0.255610621,0.51539505,-405.0692402,-2.408916683,247447719.7106599,56744904338.99978,13.270622841333333,0.702077218,70.20772183,70.20772183,140.4154437,6107228934.0,-0.218595952,0.0,0.0,1.0,0.0,0.0,1.0,1.0,1.0,1.0,1.0,0.0,1.0,0.0,0.5384615384615384,0.53831583
1073349_2019,293844000.0,0.696375503,1.642405088,0.228294808,0.179814482,193.7845208,1.307388854,183944000.0,56744904338.99978,13.270622841333333,0.0,0.0,0.0,0.0,1827775600.0,0.073619632,1.0,0.0,0.0,1.0,0.0,0.0,0.0,1.0,0.0,1.0,0.0,0.0,0.0,0.3076923076923077,0.30817938
1073349_2020,305804000.0,0.691518494,2.064314191,-0.071208385,0.196099913,-712.9778355,-0.39259726,185654000.0,56744904338.99978,13.270622841333333,-1.318384224,-131.8384224,-131.8384224,-263.6768448,2141072440.0,-0.023439329,0.0,0.0,0.0,0.0,0.0,0.0,0.0,1.0,0.0,1.0,0.0,1.0,0.0,0.23076923076923078,0.23079127
1073349_2021,318095000.0,0.674783572,1.678439449,-0.376714388,0.190223971,-98.43000737,-1.987815356,188904000.0,56744904338.99978,13.270622841333333,4.423909424,442.3909424,442.3909424,884.7818848,1603227960.0,-0.119398609,1.0,0.0,0.0,0.0,0.0,1.0,1.0,1.0,1.0,0.0,0.0,0.0,0.0,0.38461538461538464,0.38463977
1378590_2021,8726000.0,0.658119014,1.249910018,-0.656612933,0.083177822,-6.259395437,-6.675182372,3350000.0,56744904338.99978,13.270622841333333,0.0,0.0,0.0,0.0,41869096.08,-1.475623208,0.0,0.0,0.0,0.0,0.0,0.0,0.0,1.0,0.0,1.0,0.0,0.0,0.0,0.15384615384615385,0.15365782
1054721_2021,5415000.0,0.134144227,6.417467496,-0.038283325,0.041044798,-44.666967,-0.452444068,31060000.0,56744904338.99978,13.270622841333333,0.0,0.0,0.0,0.0,34840234.26,-0.02231632,0.0,0.0,0.0,0.0,0.0,0.0,0.0,0.0,0.0,1.0,0.0,0.0,0.0,0.07692307692307693,0.07676563
813672_2019,2147173000.0,0.919041021,1.739081873,3.533897911,0.319745551,19.62705255,47.02942707,247447719.7106599,56744904338.99978,13.270622841333333,0.0,0.0,0.0,0.0,19410742800.0,5.228654056,1.0,1.0,0.0,1.0,1.0,0.0,0.0,1.0,0.0,1.0,0.0,1.0,1.0,0.6153846153846154,0.555606
813672_2021,2451865000.0,0.913889159,1.855637745,2.117451361,0.319615823,61.57874623,23.69192681,247447719.7106599,56744904338.99978,13.270622841333333,0.0,0.0,0.0,0.0,36371116990.0,2.556612676,1.0,1.0,0.0,1.0,1.0,0.0,0.0,1.0,0.0,1.0,0.0,1.0,1.0,0.6153846153846154,0.5311893
813672_2022,2765597000.0,0.925492363,1.766603001,2.514324629,0.318822449,60.50929074,22.84600143,247447719.7106599,56744904338.99978,13.270622841333333,0.178298603,17.82986029,17.82986029,35.65972058,42111743440.0,3.012453144,1.0,1.0,0.0,1.0,1.0,0.0,0.0,1.0,0.0,1.0,0.0,1.0,1.0,0.6153846153846154,0.6160773
1609702_2019,2422535602.975138,0.7226859723149172,1.178064208,1.06e-06,-1.1484375,46665502.73,-17.58497807,247447719.7106599,5987185618.0,13.270622841333333,0.0,0.0,0.0,0.0,5987184000.0,-0.6239197943476191,0.0,0.0,0.0,1.0,0.0,0.0,0.0,0.0,0.0,1.0,0.0,1.0,0.0,0.23076923076923078,0.23064518
1609702_2020,2422535602.975138,0.7226859723149172,1.301442673,1.71345995,-0.883744338,24.17331084,-34.80959571,247447719.7106599,6859.262,13.270622841333333,0.617303196,61.73031956,61.73031956,123.4606391,5015.962,-0.6239197943476191,0.0,1.0,0.0,1.0,0.0,1.0,1.0,0.0,1.0,1.0,0.0,0.0,0.0,0.46153846153846156,0.46138778
1609702_2021,2422535602.975138,0.7226859723149172,1.526744502,8.512757202,0.766014975,5.837121725,215.1206323,247447719.7106599,7947.635,13.270622841333333,3.984578313,398.4578313,398.4578313,796.9156627,6037.335,-0.6239197943476191,1.0,1.0,1.0,0.0,1.0,1.0,1.0,0.0,1.0,0.0,0.0,0.0,0.0,0.5384615384615384,0.53838724
1768267_2021,286108000.0,0.738949641,1.736432983,1.206916502,0.160191677,29.10723313,4.447233137,161668000.0,56744904338.99978,13.270622841333333,0.0,0.0,0.0,0.0,1335818250.0,0.454053466,1.0,1.0,0.0,1.0,0.0,0.0,0.0,1.0,0.0,1.0,0.0,0.0,0.0,0.38461538461538464,0.38458878
1725057_2020,2422535602.975138,0.7226859723149172,1.066953078,-2.69e-08,1.482409361,-3957942416.0,-0.153462498,247447719.7106599,15831772742.0,13.270622841333333,0.0,0.0,0.0,0.0,15831769663.0,-0.6239197943476191,0.0,0.0,1.0,0.0,0.0,0.0,0.0,0.0,0.0,1.0,0.0,1.0,0.0,0.23076923076923078,0.23049635
1169652_2020,114718000.0,0.790765964,2.560189706,0.648681081,0.148918786,24.63460162,6.517403979,49438000.0,56744904338.99978,13.270622841333333,0.0,0.0,0.0,0.0,463746375.5,0.620181854,0.0,0.0,0.0,1.0,0.0,0.0,0.0,1.0,0.0,1.0,0.0,0.0,0.0,0.23076923076923078,0.26087856
1169652_2021,129497000.0,0.772060884,2.965789581,1.56400124,0.162439551,15.78003864,15.69256336,57160000.0,56744904338.99978,13.270622841333333,1.50810093,150.810093,150.810093,301.6201859,745054524.6,1.555478685,0.0,1.0,0.0,1.0,1.0,1.0,1.0,1.0,1.0,0.0,0.0,0.0,1.0,0.6153846153846154,0.61556464
1022505_2021,2422535602.975138,0.7226859723149172,4.196875513,-0.037433783,0.019466928,-5.04891525,-4.061944821,-3295335.0,56744904338.99978,13.270622841333333,0.0,0.0,0.0,0.0,15673261.78,-0.6239197943476191,0.0,0.0,0.0,0.0,0.0,0.0,0.0,0.0,0.0,1.0,0.0,0.0,0.0,0.07692307692307693,0.07730964
877890_2019,2700309000.0,0.896944559,0.827268268,2.138954072,0.292617696,51.84777058,10.91064023,1000165000.0,56744904338.99978,13.270622841333333,0.0,0.0,0.0,0.0,35350484000.0,2.19758908,0.0,1.0,0.0,1.0,0.0,0.0,0.0,1.0,0.0,1.0,0.0,1.0,1.0,0.46153846153846156,0.4615683
877890_2020,2847088000.0,0.87962678,0.925051581,1.566777652,0.325729591,83.03667072,7.633847244,1107354000.0,56744904338.99978,13.270622841333333,-0.260140244,-26.01402437,-26.01402437,-52.02804875,41887516400.0,1.625907721,0.0,1.0,0.0,1.0,0.0,0.0,0.0,1.0,0.0,1.0,0.0,1.0,1.0,0.46153846153846156,0.46116826
877890_2021,2763415000.0,0.858958339,0.730217993,0.945644486,0.334310245,100.0270201,4.366905931,861697000.0,56744904338.99978,13.270622841333333,-0.390422364,-39.04223643,-39.04223643,-78.08447287,30758208660.0,0.789244171,0.0,0.0,0.0,1.0,0.0,0.0,0.0,1.0,0.0,1.0,0.0,1.0,0.0,0.3076923076923077,0.30814683
827876_2020,2422535602.975138,0.7226859723149172,1.53308194,-1.338195969,0.040528092,-0.881784153,-17.52320442,247447719.7106599,56744904338.99978,13.270622841333333,0.0,0.0,0.0,0.0,20521355.22,-3.079162088,1.0,0.0,0.0,0.0,0.0,0.0,0.0,0.0,0.0,1.0,0.0,0.0,0.0,0.15384615384615385,0.15362132
827876_2021,2422535602.975138,0.7226859723149172,4.846871419,0.386383069,0.026819842,61.82983136,3.253766924,247447719.7106599,56744904338.99978,13.270622841333333,-1.620867393,-162.0867393,-162.0867393,-324.1734786,893389126.1,1.911751339,0.0,0.0,0.0,1.0,0.0,0.0,0.0,0.0,0.0,1.0,0.0,0.0,1.0,0.23076923076923078,0.2300852
1393548_2021,2422535602.975138,0.7226859723149172,5.217391304,-0.000551107,0.014311394,-156.0496828,-1.064712389,247447719.7106599,56744904338.99978,13.270622841333333,0.0,0.0,0.0,0.0,24031651.14,-0.6239197943476191,0.0,0.0,0.0,0.0,0.0,0.0,0.0,0.0,0.0,1.0,0.0,0.0,0.0,0.07692307692307693,0.08627841
1535379_2020,561689000.0,0.707246745,1.220628401,-0.217798176,0.198347074,-47.2455747,-2.198669245,-107252000.0,56744904338.99978,13.270622841333333,0.0,0.0,0.0,0.0,3037276261.0,-0.276500847,0.0,0.0,0.0,0.0,0.0,0.0,0.0,1.0,0.0,1.0,0.0,1.0,0.0,0.23076923076923078,0.2474263
1535379_2021,680070000.0,0.782356907,1.504912465,-0.558799496,0.238812759,-27.32643838,-5.860719058,32923000.0,56744904338.99978,13.270622841333333,1.53136715,153.136715,153.136715,306.2734301,4446940623.0,-0.699925162,1.0,0.0,0.0,0.0,0.0,1.0,1.0,1.0,1.0,0.0,0.0,1.0,0.0,0.46153846153846156,0.46153516
1477333_2019,2422535602.975138,0.7226859723149172,8.224217064,-0.08568223,0.081663469,-199.1077972,-1.777586964,-44523000.0,56744904338.99978,13.270622841333333,0.0,0.0,0.0,0.0,3635509270.0,-0.6239197943476191,0.0,0.0,0.0,0.0,0.0,0.0,0.0,0.0,0.0,1.0,0.0,1.0,0.0,0.15384615384615385,0.15425628
1477333_2020,2422535602.975138,0.7226859723149172,7.99248817,-0.194124943,0.114290865,-391.4489233,-3.913926756,-5713000.0,56744904338.99978,13.270622841333333,1.651569089,165.1569089,165.1569089,330.3138178,18951999620.0,-0.6239197943476191,0.0,0.0,0.0,0.0,0.0,1.0,1.0,0.0,1.0,0.0,0.0,1.0,0.0,0.3076923076923077,0.30736285
1477333_2021,2422535602.975138,0.7226859723149172,6.777869804,-0.145368517,0.193083093,-904.5975229,-2.701216183,19450000.0,56744904338.99978,13.270622841333333,-0.16616751,-16.61675101,-16.61675101,-33.23350201,36518602000.0,-0.6239197943476191,0.0,0.0,0.0,0.0,0.0,0.0,0.0,0.0,0.0,1.0,0.0,1.0,0.0,0.15384615384615385,0.15374702
1169561_2020,553807000.0,0.82548723,1.563475106,0.194192693,0.33571857,208.4527454,0.912983991,99570000.0,56744904338.99978,13.270622841333333,0.0,0.0,0.0,0.0,1862525280.0,0.076316644,1.0,0.0,0.0,1.0,0.0,0.0,0.0,1.0,0.0,1.0,0.0,0.0,0.0,0.3076923076923077,0.30784422
1169561_2021,614099000.0,0.848822069,1.628072733,-0.665935201,0.348886365,-96.8562706,-2.893722042,87110000.0,56744904338.99978,13.270622841333333,-4.464353665,-446.4353665,-446.4353665,-892.8707331,2998089000.0,-0.264387844,1.0,0.0,0.0,0.0,0.0,0.0,0.0,1.0,0.0,1.0,0.0,1.0,0.0,0.3076923076923077,0.307652
1401680_2019,427308000.0,0.741181184,1.392739679,0.154526688,0.643971074,378.8989504,1.381538763,161148000.0,56744904338.99978,13.270622841333333,0.0,0.0,0.0,0.0,3573774900.0,0.063210803,0.0,0.0,1.0,1.0,0.0,0.0,0.0,1.0,0.0,1.0,0.0,1.0,0.0,0.38461538461538464,0.34087878
1401680_2020,513902000.0,0.693603593,0.754617507,-0.615806547,0.71571451,-71.51596582,-4.787867829,195463000.0,56744904338.99978,13.270622841333333,-5.238973707,-523.8973707,-523.8973707,-1047.794741,2859351345.0,-0.267948933,0.0,0.0,1.0,0.0,0.0,0.0,0.0,1.0,0.0,1.0,0.0,1.0,0.0,0.3076923076923077,0.30796716
1385867_2020,250503000.0,0.642778515,1.819477728,0.4750310783682274,0.646158984,inf,-30192.062508398467,65791000.0,56744904338.99978,13.270622841333333,19855.9516242278,1985595.1624227813,1985595.1624227813,3971190.324189455,10398843516.0,-0.6239197943476191,1.0,0.0,1.0,0.0,0.0,0.0,0.0,1.0,0.0,0.0,0.0,1.0,0.0,0.3076923076923077,0.30725724
1385867_2021,319942000.0,0.590687962,0.804753054,0.4750310783682274,0.681823408,inf,-30192.062508398467,55148000.0,56744904338.99978,13.270622841333333,19855.9516242278,1985595.1624227813,1985595.1624227813,3971190.324189455,22544176314.0,-0.6239197943476191,0.0,0.0,1.0,0.0,0.0,0.0,0.0,1.0,0.0,0.0,0.0,1.0,0.0,0.23076923076923078,0.23047534
1385867_2022,412053000.0,0.5681225,1.790359678,-0.132333888,0.318720065,-1014.630511,-0.558397607,69152000.0,56744904338.99978,13.270622841333333,19855.9516242278,1985595.1624227813,1985595.1624227813,3971190.324189455,10078324864.0,-0.044803587,1.0,0.0,0.0,0.0,0.0,0.0,0.0,1.0,0.0,0.0,0.0,1.0,0.0,0.23076923076923078,0.30335367
1535527_2020,2422535602.975138,0.7226859723149172,2.376080925,-0.203397544,0.664454048,-300.3477757,-2.950922172,247447719.7106599,56744904338.99978,13.270622841333333,0.0,0.0,0.0,0.0,6577315940.0,-0.154624471,0.0,0.0,1.0,0.0,0.0,0.0,0.0,0.0,0.0,1.0,0.0,1.0,0.0,0.23076923076923078,0.23157859
1535527_2021,2422535602.975138,0.7226859723149172,2.654468226,-0.109737027,0.991935206,-1966.519469,-2.458492902,247447719.7106599,56744904338.99978,13.270622841333333,-0.022649436,-2.264943605,-2.264943605,-4.529887209,42089416200.0,-0.151122314,0.0,0.0,1.0,0.0,0.0,0.0,0.0,0.0,0.0,1.0,0.0,1.0,0.0,0.23076923076923078,0.23493102
1535527_2022,2422535602.975138,0.7226859723149172,1.8274788,-1.11812606,1.371494808,-161.5560235,-22.89045043,247447719.7106599,56744904338.99978,13.270622841333333,9.970518152,997.0518152,997.0518152,1994.10363,37933677440.0,-1.022901828,1.0,0.0,1.0,0.0,0.0,1.0,1.0,0.0,1.0,0.0,0.0,1.0,0.0,0.46153846153846156,0.461525
1561550_2021,794539000.0,0.772308862,3.538797343,-0.078776611,0.441634033,-2260.950276,-1.732885821,215089000.0,56744904338.99978,13.270622841333333,0.0,0.0,0.0,0.0,46903413484.0,-0.088561122,0.0,0.0,0.0,0.0,0.0,0.0,0.0,1.0,0.0,1.0,0.0,1.0,0.0,0.23076923076923078,0.23064846
1724570_2020,368581000.0,0.710469655,3.199045171,0.139375528,0.040331273,193.7212389,1.281636448,211172000.0,56744904338.99978,13.270622841333333,0.0,0.0,0.0,0.0,4358340432.0,0.149782962,0.0,0.0,0.0,1.0,0.0,0.0,0.0,1.0,0.0,1.0,0.0,1.0,0.0,0.3076923076923077,0.3071711
1724570_2021,442309000.0,0.714950287,3.447678687,0.313637861,0.049130116,84.01409174,2.810667136,238552000.0,56744904338.99978,13.270622841333333,1.28615877,128.615877,128.615877,257.2317539,4321180794.0,0.342427632,0.0,0.0,0.0,1.0,0.0,1.0,1.0,1.0,1.0,0.0,0.0,1.0,0.0,0.46153846153846156,0.46185842
317788_2021,134930000.0,0.430290294,0.876166227,0.610162239,0.297739144,131.7026766,14.7019903,247447719.7106599,56744904338.99978,13.270622841333333,0.0,0.0,0.0,0.0,7228369705.0,0.307216945,0.0,0.0,0.0,1.0,0.0,0.0,0.0,0.0,0.0,1.0,0.0,1.0,0.0,0.23076923076923078,0.26822737
1261333_2019,508548000.0,0.725492853,1.906829772,-2.518903977,0.334164138,-19.63155422,-27.60088746,-233902000.0,56744904338.99978,13.270622841333333,0.0,0.0,0.0,0.0,8372033350.0,-2.21627577,1.0,0.0,0.0,0.0,0.0,0.0,0.0,1.0,0.0,1.0,0.0,1.0,0.0,0.3076923076923077,0.3073867
1261333_2020,730737000.0,0.750265665,1.360140641,-1.149541527,0.41180785,-68.29679323,-12.36429387,49725000.0,56744904338.99978,13.270622841333333,-0.511419647,-51.14196474,-51.14196474,-102.2839295,14230251540.0,-1.082828797,0.0,0.0,0.0,0.0,0.0,0.0,0.0,1.0,0.0,1.0,0.0,1.0,0.0,0.23076923076923078,0.23072094
1261333_2021,1088989000.0,0.749452014,1.063279097,-1.26171249,0.642191471,-184.5824638,-14.29087551,190203000.0,56744904338.99978,13.270622841333333,0.167537759,16.75377593,16.75377593,33.50755187,44902822230.0,-1.000135672,0.0,0.0,1.0,0.0,0.0,0.0,0.0,1.0,0.0,1.0,0.0,1.0,0.0,0.3076923076923077,0.30754513
1505952_2021,153432000.0,0.730002855,0.888415572,-0.345636377,0.179114572,-183.4008344,-0.908087236,-16337000.0,56744904338.99978,13.270622841333333,0.0,0.0,0.0,0.0,1728736265.0,-0.16610277,0.0,0.0,0.0,0.0,0.0,0.0,0.0,1.0,0.0,1.0,0.0,0.0,0.0,0.15384615384615385,0.15443623
1467623_2020,1499.3,0.783374262,1.128424343,-0.228979212,0.424209336,-96.90836043,-2.877978396,137.6,56744904338.99978,13.270622841333333,0.0,0.0,0.0,0.0,7151.837,-0.178002894,0.0,0.0,0.0,0.0,0.0,0.0,0.0,1.0,0.0,1.0,0.0,0.0,0.0,0.15384615384615385,0.15414011
1467623_2021,1713.7,0.794151722,1.573226739,1.147249744,0.480290838,21.39028588,13.71675994,718.6,56744904338.99978,13.270622841333333,-5.550135501,-555.0135501,-555.0135501,-1110.0271,7182.858,0.809937289,1.0,1.0,0.0,1.0,0.0,0.0,0.0,1.0,0.0,1.0,0.0,0.0,0.0,0.38461538461538464,0.38420036
1160951_2021,150264000.0,0.577161513,5.145922698,-0.002704539,0.119955442,-17241.38594,-0.048854719,94720000.0,56744904338.99978,13.270622841333333,0.0,0.0,0.0,0.0,6155174782.0,-0.003242919,0.0,0.0,0.0,0.0,0.0,0.0,0.0,1.0,0.0,1.0,0.0,1.0,0.0,0.23076923076923078,0.23081371
1773383_2020,416872000.0,0.763777407,0.961188382,-1.488408315,0.310738826,-16.0171102,-26.56909124,-43008000.0,56744904338.99978,13.270622841333333,0.0,0.0,0.0,0.0,6695536474.0,-3.24223034,0.0,0.0,0.0,0.0,0.0,0.0,0.0,1.0,0.0,1.0,0.0,1.0,0.0,0.23076923076923078,0.2537065
1773383_2021,575801000.0,0.818469984,1.049962109,0.267417569,0.391882917,180.3920369,4.579490579,219604000.0,56744904338.99978,13.270622841333333,-1.181123572,-118.1123572,-118.1123572,-236.2247144,13658202681.0,0.58724434,0.0,0.0,0.0,1.0,0.0,0.0,0.0,1.0,0.0,1.0,0.0,1.0,0.0,0.3076923076923077,0.3074177
814549_2020,2422535602.975138,0.7226859723149172,1.890892941,3.027232145,0.312229293,12.54281079,15.07017369,247447719.7106599,56744904338.99978,13.270622841333333,0.0,0.0,0.0,0.0,1158667232.0,0.269115137,1.0,1.0,0.0,0.0,1.0,0.0,0.0,0.0,0.0,1.0,0.0,0.0,0.0,0.3076923076923077,0.3063535
814549_2021,2422535602.975138,0.7226859723149172,1.786417798,2.222309638,0.313120878,13.67946189,10.40526642,247447719.7106599,56744904338.99978,13.270622841333333,-0.261850894,-26.18508936,-26.18508936,-52.37017872,932775147.2,0.198647098,1.0,1.0,0.0,1.0,0.0,0.0,0.0,0.0,0.0,1.0,0.0,0.0,0.0,0.3076923076923077,0.3088686
1707753_2020,304930000.0,0.713086385,1.494098138,-2.017621256,0.357619372,-31.78991092,-18.5999368,-48415000.0,56744904338.99978,13.270622841333333,0.0,0.0,0.0,0.0,5314446569.0,-1.362572337,0.0,0.0,0.0,0.0,0.0,0.0,0.0,1.0,0.0,1.0,0.0,1.0,0.0,0.23076923076923078,0.2883723
1707753_2021,447435000.0,0.735321427,1.415983912,-1.429673067,0.419917419,-84.36893916,-12.07772879,31576000.0,56744904338.99978,13.270622841333333,-0.225752808,-22.57528085,-22.57528085,-45.15056169,10920209271.0,-1.054967805,0.0,0.0,0.0,0.0,0.0,0.0,0.0,1.0,0.0,1.0,0.0,1.0,0.0,0.23076923076923078,0.23098487
1337619_2020,2422535602.975138,0.7226859723149172,2.137331884,-0.057493007,0.242097759,-1431.3045,-0.318537554,247447719.7106599,56744904338.99978,13.270622841333333,0.0,0.0,0.0,0.0,4451356995.0,-0.6239197943476191,0.0,0.0,0.0,0.0,0.0,0.0,0.0,0.0,0.0,1.0,0.0,1.0,0.0,0.15384615384615385,0.15445104
1337619_2021,762794000.0,0.642885016,1.964775927,0.242658344,0.30166787,326.9617631,1.389212497,247447719.7106599,56744904338.99978,13.270622841333333,-5.275241158,-527.5241158,-527.5241158,-1055.048232,4347283602.0,-0.6239197943476191,1.0,0.0,0.0,1.0,0.0,0.0,0.0,1.0,0.0,1.0,0.0,1.0,0.0,0.38461538461538464,0.38460022
1437352_2019,2422535602.975138,0.7226859723149172,3.691000555,-1.543637206,0.397624106,-64.08241498,-12.26684196,16307000.0,56744904338.99978,13.270622841333333,0.0,0.0,0.0,0.0,3348306183.0,-0.6239197943476191,0.0,0.0,0.0,0.0,0.0,0.0,0.0,0.0,0.0,1.0,0.0,1.0,0.0,0.15384615384615385,0.18927717
1437352_2020,2422535602.975138,0.7226859723149172,2.53336607,-2.63462502,0.435221896,-60.33116622,-17.20709832,10814000.0,56744904338.99978,13.270622841333333,0.787483254,78.74832536,78.74832536,157.4966507,5634689601.0,-0.6239197943476191,0.0,0.0,0.0,0.0,0.0,1.0,1.0,0.0,1.0,1.0,0.0,1.0,0.0,0.38461538461538464,0.3839921
1437352_2021,2422535602.975138,0.7226859723149172,2.152659942,-2.406616973,0.356498576,-65.15369989,-11.10460322,37967000.0,56744904338.99978,13.270622841333333,0.014989935,1.498993533,1.498993533,2.997987066,6176310134.0,-0.6239197943476191,0.0,0.0,0.0,0.0,0.0,0.0,0.0,0.0,0.0,1.0,0.0,1.0,0.0,0.15384615384615385,0.15425217
814547_2019,2422535602.975138,0.7226859723149172,0.928443365,6.637783306,0.250851456,45.72610855,9.819037456,247447719.7106599,56744904338.99978,13.270622841333333,0.0,0.0,0.0,0.0,8785082880.0,-0.6239197943476191,0.0,1.0,0.0,1.0,0.0,0.0,0.0,0.0,0.0,1.0,0.0,1.0,0.0,0.3076923076923077,0.30820495
814547_2020,2422535602.975138,0.7226859723149172,1.288453141,8.125206214,0.189010419,52.35313281,10.77996534,247447719.7106599,56744904338.99978,13.270622841333333,0.230512586,23.05125856,23.05125856,46.10251712,12376856480.0,-0.6239197943476191,0.0,1.0,0.0,1.0,0.0,0.0,1.0,0.0,1.0,1.0,0.0,1.0,0.0,0.46153846153846156,0.46129224
814547_2021,2422535602.975138,0.7226859723149172,0.985277366,14.2224318,0.216315693,27.97904082,15.16682056,247447719.7106599,56744904338.99978,13.270622841333333,0.658484588,65.84845883,65.84845883,131.6969177,10970134240.0,-0.6239197943476191,0.0,1.0,0.0,1.0,1.0,1.0,1.0,0.0,1.0,1.0,0.0,1.0,0.0,0.6153846153846154,0.50452095
922521_2020,12941215.0,0.876260005,0.605515084,0.191363321,-776490.6164,35.27321721,-7798006.849,3644506.0,56744904338.99978,13.270622841333333,0.0,0.0,0.0,0.0,40158875.25,0.622994641,0.0,0.0,0.0,1.0,0.0,0.0,0.0,1.0,0.0,1.0,0.0,0.0,0.0,0.23076923076923078,0.23103657
922521_2021,12228204.0,0.862326522,1.215311978,0.02870998,-463888.2308,63.74090197,-1564092.308,2586144.0,56744904338.99978,13.270622841333333,-0.821405013,-82.1405013,-82.1405013,-164.2810026,12960565.08,0.11126372,0.0,0.0,0.0,1.0,0.0,0.0,0.0,1.0,0.0,1.0,0.0,0.0,0.0,0.23076923076923078,0.23084024
1517413_2020,2422535602.975138,0.7226859723149172,2.776690155,-2.02e-07,0.069692974,-476377599.6,-1.7e-06,247447719.7106599,56744904338.99978,13.270622841333333,0.0,0.0,0.0,0.0,10956684790.0,-0.6239197943476191,0.0,0.0,0.0,0.0,0.0,0.0,0.0,0.0,0.0,1.0,0.0,1.0,0.0,0.15384615384615385,0.16288286
1517413_2021,2422535602.975138,0.7226859723149172,4.736775055,-1.874386455,0.086333724,-23.93849991,-14.5794871,247447719.7106599,56744904338.99978,13.270622841333333,9682477.261,968247726.1,968247726.1,1936495452.0,5331032116.0,-0.6239197943476191,0.0,0.0,0.0,0.0,0.0,1.0,1.0,0.0,1.0,0.0,0.0,1.0,0.0,0.3076923076923077,0.1960181
1370880_2020,606557000.0,0.64487276,2.072648104,-0.879557894,0.208029876,-26.21771706,-5.72147501,178856000.0,56744904338.99978,13.270622841333333,0.0,0.0,0.0,0.0,5435011400.0,-0.620617495,0.0,0.0,0.0,0.0,0.0,0.0,0.0,1.0,0.0,1.0,0.0,1.0,0.0,0.23076923076923078,0.23387194
1370880_2021,229063000.0,0.47380418,2.457377113,3.963130391,0.279679243,5.634434852,26.09014981,-101791000.0,56744904338.99978,13.270622841333333,-5.419333054,-541.9333054,-541.9333054,-1083.866611,5161936780.0,2.742715409,0.0,1.0,0.0,0.0,1.0,0.0,0.0,0.0,0.0,1.0,0.0,1.0,1.0,0.38461538461538464,0.49511418
1288847_2019,2422535602.975138,0.7226859723149172,5.7775791,0.013583777,0.335908947,4827.817608,0.425536247,137778000.0,56744904338.99978,13.270622841333333,0.0,0.0,0.0,0.0,4036055520.0,-0.6239197943476191,0.0,0.0,0.0,1.0,0.0,0.0,0.0,0.0,0.0,1.0,0.0,1.0,0.0,0.23076923076923078,0.23733169
1288847_2020,2422535602.975138,0.7226859723149172,6.654223115,-0.108427477,0.37096832,-1608.448386,-2.582711238,167979000.0,56744904338.99978,13.270622841333333,-9.624401914,-962.4401914,-962.4401914,-1924.880383,11596912864.0,-0.6239197943476191,0.0,0.0,0.0,0.0,0.0,0.0,0.0,0.0,0.0,1.0,0.0,1.0,0.0,0.15384615384615385,0.15393981
1288847_2021,2422535602.975138,0.7226859723149172,3.917029986,-0.052578295,0.746334047,-2611.724087,-1.705568081,214849000.0,56744904338.99978,13.270622841333333,-0.500554785,-50.0554785,-50.0554785,-100.110957,9404818437.0,-0.6239197943476191,0.0,0.0,1.0,0.0,0.0,0.0,0.0,0.0,0.0,1.0,0.0,1.0,0.0,0.23076923076923078,0.23053056
1262039_2020,2024.4,0.780296022,1.4978956,3.006153846,1.515490391,49.40864893,40.46554009,1101.8,56744904338.99978,13.270622841333333,0.0,0.0,0.0,0.0,24136.125,0.857017544,0.0,1.0,0.0,1.0,1.0,0.0,0.0,1.0,0.0,1.0,0.0,0.0,0.0,0.38461538461538464,0.38483176
1262039_2021,2559.2,0.765723176,1.553254821,3.745679012,1.848269813,95.95056032,48.38143837,1433.4,56744904338.99978,13.270622841333333,0.242169908,24.21699079,24.21699079,48.43398158,58222.8,1.064561404,1.0,1.0,0.0,1.0,1.0,0.0,1.0,1.0,1.0,1.0,0.0,0.0,1.0,0.6923076923076923,0.64980745
944480_2018,23604000.0,0.254564671,1.567398119,0.0,0.285849612,inf,0.0,70959000.0,56744904338.99978,13.270622841333333,19855.9516242278,1985595.1624227813,1985595.1624227813,3971190.324189455,41761721.4,0.0,1.0,0.0,0.0,1.0,0.0,0.0,0.0,0.0,0.0,0.0,0.0,0.0,0.0,0.15384615384615385,0.15321368
944480_2019,20298000.0,0.2446279,0.89382587,0.0,0.433677582,inf,0.0,55258000.0,56744904338.99978,13.270622841333333,19855.9516242278,1985595.1624227813,1985595.1624227813,3971190.324189455,33396085.8,0.0,0.0,0.0,0.0,1.0,0.0,0.0,0.0,0.0,0.0,0.0,0.0,0.0,0.0,0.07692307692307693,0.07761496
944480_2020,14785000.0,0.256594932,0.872864392,0.0,0.269567182,inf,0.0,33297000.0,56744904338.99978,13.270622841333333,19855.9516242278,1985595.1624227813,1985595.1624227813,3971190.324189455,27183628.56,0.0,0.0,0.0,0.0,1.0,0.0,0.0,0.0,0.0,0.0,0.0,0.0,0.0,0.0,0.07692307692307693,0.0766443
1528396_2019,395164000.0,0.549209605,5.747459875,0.4750310783682274,0.147549138,inf,-30192.062508398467,308274000.0,56744904338.99978,13.270622841333333,19855.9516242278,1985595.1624227813,1985595.1624227813,3971190.324189455,8384941337.0,-0.6239197943476191,0.0,0.0,0.0,0.0,0.0,0.0,0.0,1.0,0.0,0.0,0.0,1.0,0.0,0.15384615384615385,0.18392459
1528396_2020,404292000.0,0.54464258,5.964608922,0.4750310783682274,0.135926092,inf,-30192.062508398467,314129000.0,56744904338.99978,13.270622841333333,19855.9516242278,1985595.1624227813,1985595.1624227813,3971190.324189455,9820130096.0,-0.6239197943476191,0.0,0.0,0.0,0.0,0.0,0.0,0.0,1.0,0.0,0.0,0.0,1.0,0.0,0.15384615384615385,0.18189287
1528396_2021,368213000.0,0.49539802,4.512893172,0.4750310783682274,0.185699516,inf,-30192.062508398467,269470000.0,56744904338.99978,13.270622841333333,19855.9516242278,1985595.1624227813,1985595.1624227813,3971190.324189455,9583966886.0,-0.6239197943476191,0.0,0.0,0.0,0.0,0.0,0.0,0.0,0.0,0.0,0.0,0.0,1.0,0.0,0.07692307692307693,0.17833385
1021435_2018,3007600.0,0.953764191,0.622754806,-0.003202644,0.023941275,-71.03506369,-0.039597368,-14500.0,56744904338.99978,13.270622841333333,0.0,0.0,0.0,0.0,2230501.0,-0.215363512,0.0,0.0,0.0,0.0,0.0,0.0,0.0,1.0,0.0,1.0,0.0,0.0,0.0,0.15384615384615385,0.15312728
1021435_2019,3380300.0,0.957564942,1.057504378,0.056360707,0.022261344,7.097143063,0.697026665,690000.0,56744904338.99978,13.270622841333333,-18.65286624,-1865.286624,-1865.286624,-3730.573248,3933946.4,3.801783265,0.0,0.0,0.0,0.0,0.0,0.0,0.0,1.0,0.0,1.0,0.0,0.0,1.0,0.23076923076923078,0.2313531
1021435_2020,3489000.0,0.957464325,3.104264187,0.036799743,0.018982365,12.77182824,0.844377471,804100.0,56744904338.99978,13.270622841333333,0.251488364,25.14883637,25.14883637,50.29767274,8859817.25,4.630841121,0.0,0.0,0.0,0.0,0.0,0.0,1.0,1.0,1.0,1.0,0.0,0.0,1.0,0.38461538461538464,0.3845511
1404655_2018,412623000.0,0.804364693,3.005868975,-1.624122137,0.40190908,-77.4141286,-10.82366188,52099000.0,56744904338.99978,13.270622841333333,0.0,0.0,0.0,0.0,4941189000.0,-0.636009446,0.0,0.0,0.0,0.0,0.0,0.0,0.0,1.0,0.0,1.0,0.0,1.0,0.0,0.23076923076923078,0.22792101
1404655_2019,544902000.0,0.807429689,3.441122023,-1.251216389,0.307606975,-126.6767294,-5.126576241,82967000.0,56744904338.99978,13.270622841333333,-0.157955756,-15.79557561,-15.79557561,-31.59115122,6808367500.0,-0.535548093,0.0,0.0,0.0,0.0,0.0,0.0,0.0,1.0,0.0,1.0,0.0,1.0,0.0,0.23076923076923078,0.23074856
1404655_2020,716067000.0,0.810924027,3.270297934,-1.843890274,0.358937194,-215.0019475,-6.850891137,116131000.0,56744904338.99978,13.270622841333333,0.58208983,58.20898299,58.20898299,116.417966,18281830600.0,-0.654296003,0.0,0.0,0.0,0.0,0.0,0.0,1.0,1.0,1.0,1.0,0.0,1.0,0.0,0.38461538461538464,0.42926395
941685_2018,2422535602.975138,0.7226859723149172,1.800312012,-0.167607323,0.020887416,-5.310030522,-8.940965622,247447719.7106599,56744904338.99978,13.270622841333333,0.0,0.0,0.0,0.0,87419032.48,-0.6239197943476191,1.0,0.0,0.0,0.0,0.0,0.0,0.0,0.0,0.0,1.0,0.0,0.0,0.0,0.15384615384615385,0.09007898
941685_2019,2422535602.975138,0.7226859723149172,0.606241067,-0.152197062,0.021519487,-2.201093741,-8.843084084,247447719.7106599,56744904338.99978,13.270622841333333,0.047864909,4.786490919,4.786490919,9.572981838,37971068.12,-0.6239197943476191,0.0,0.0,0.0,0.0,0.0,0.0,0.0,0.0,0.0,1.0,0.0,0.0,0.0,0.07692307692307693,0.07660028
941685_2020,2422535602.975138,0.7226859723149172,0.321254429,-0.060791957,0.147207362,-1.291289242,-5.653440192,247447719.7106599,56744904338.99978,13.270622841333333,-0.365370123,-36.53701235,-36.53701235,-73.07402469,14137034.62,-0.6239197943476191,0.0,0.0,0.0,0.0,0.0,0.0,0.0,0.0,0.0,1.0,0.0,0.0,0.0,0.07692307692307693,0.076162696
320340_2018,2422535602.975138,0.7226859723149172,7.57396088,0.708098038,0.126229698,18.24606101,24.08857683,247447719.7106599,56744904338.99978,13.270622841333333,0.0,0.0,0.0,0.0,113928405.0,-0.6239197943476191,0.0,0.0,0.0,1.0,1.0,0.0,0.0,0.0,0.0,1.0,0.0,0.0,0.0,0.23076923076923078,0.23027626
320340_2019,2422535602.975138,0.7226859723149172,5.825771032,1.22902126,0.16608115,32.49740366,29.41618172,247447719.7106599,56744904338.99978,13.270622841333333,0.756726457,75.67264574,75.67264574,151.3452915,356464020.7,-0.6239197943476191,0.0,1.0,0.0,1.0,1.0,1.0,1.0,0.0,1.0,1.0,0.0,0.0,0.0,0.5384615384615384,0.54967177
320340_2020,2422535602.975138,0.7226859723149172,4.222719141,0.918431965,0.227899708,43.67226047,18.48429254,247447719.7106599,56744904338.99978,13.270622841333333,-0.255994165,-25.59941654,-25.59941654,-51.19883308,356409317.7,-0.6239197943476191,0.0,0.0,0.0,1.0,1.0,0.0,0.0,0.0,0.0,1.0,0.0,0.0,0.0,0.23076923076923078,0.23058134
320340_2021,2422535602.975138,0.7226859723149172,3.394176725,1.040183249,0.247367461,37.30111981,20.60217897,247447719.7106599,56744904338.99978,13.270622841333333,0.107584855,10.75848548,10.75848548,21.51697096,337164822.0,-0.6239197943476191,0.0,1.0,0.0,1.0,1.0,0.0,0.0,0.0,0.0,1.0,0.0,0.0,0.0,0.3076923076923077,0.48789224
1081745_2018,2422535602.975138,0.7226859723149172,1.115099705,-0.131999799,0.088197463,-0.757576914,-16.59601204,-732374.0,56744904338.99978,13.270622841333333,0.0,0.0,0.0,0.0,1772942.1,-0.6239197943476191,0.0,0.0,0.0,0.0,0.0,0.0,0.0,0.0,0.0,1.0,0.0,0.0,0.0,0.07692307692307693,0.076880306
1081745_2019,2422535602.975138,0.7226859723149172,0.119314636,-5.757890077,0.50801861,-0.012157231,-14.82651853,-584749.0,56744904338.99978,13.270622841333333,-0.088450527,-8.845052729,-8.845052729,-17.69010546,25934.79,-0.6239197943476191,0.0,0.0,1.0,0.0,0.0,0.0,0.0,0.0,0.0,1.0,0.0,0.0,0.0,0.15384615384615385,0.15344006
1081745_2020,2422535602.975138,0.7226859723149172,0.956067717,-0.782748727,0.150118638,-6.017256673,-9.111510895,1224409.0,56744904338.99978,13.270622841333333,0.03136952,3.136951953,3.136951953,6.273903907,13239174.15,-0.6239197943476191,0.0,0.0,0.0,0.0,0.0,0.0,0.0,0.0,0.0,1.0,0.0,0.0,0.0,0.07692307692307693,0.076972395
736012_2018,2422535602.975138,0.7226859723149172,1.140836408,0.172616801,24.45112782,22.07201137,1719.548872,247447719.7106599,56744904338.99978,13.270622841333333,0.0,0.0,0.0,0.0,50478690.0,0.594489212,0.0,0.0,0.0,1.0,1.0,0.0,0.0,0.0,0.0,1.0,0.0,0.0,0.0,0.23076923076923078,0.23010954
736012_2019,2422535602.975138,0.7226859723149172,2.600102934,0.329714961,0.54640045,16.68107503,125.5624297,247447719.7106599,56744904338.99978,13.270622841333333,0.952339309,95.23393091,95.23393091,190.4678618,74481000.0,1.160644658,0.0,0.0,1.0,1.0,1.0,1.0,1.0,0.0,1.0,1.0,0.0,0.0,1.0,0.6153846153846154,0.42867965
736012_2020,2422535602.975138,0.7226859723149172,8.546685341,-0.378746125,0.027750787,-46.52192815,-8.546776012,247447719.7106599,56744904338.99978,13.270622841333333,-2.477491601,-247.7491601,-247.7491601,-495.4983203,306905160.0,-1.234930738,0.0,0.0,0.0,0.0,0.0,0.0,0.0,0.0,0.0,1.0,0.0,0.0,0.0,0.07692307692307693,0.07691771
736012_2021,2422535602.975138,0.7226859723149172,1.618991448,-0.983111111,0.040258815,-3.499095841,-22.32221299,247447719.7106599,56744904338.99978,13.270622841333333,1.850083371,185.0083371,185.0083371,370.0166742,65790000.0,-6.940568475,1.0,0.0,0.0,0.0,0.0,1.0,1.0,0.0,1.0,0.0,0.0,0.0,0.0,0.3076923076923077,0.30756545
896878_2019,2422535602.975138,0.7226859723149172,1.828077314,5.984318549,0.204344663,46.33944496,16.18334892,247447719.7106599,56744904338.99978,13.270622841333333,0.0,0.0,0.0,0.0,72150515800.0,1.455140187,1.0,1.0,0.0,1.0,1.0,0.0,0.0,0.0,0.0,1.0,0.0,1.0,1.0,0.5384615384615384,0.5387106
896878_2020,2422535602.975138,0.7226859723149172,2.261263814,6.976388783,0.324207625,43.91527043,16.77537896,247447719.7106599,56744904338.99978,13.270622841333333,0.172768144,17.27681439,17.27681439,34.55362877,80189283800.0,1.706542056,0.0,1.0,0.0,1.0,1.0,0.0,0.0,0.0,0.0,1.0,0.0,1.0,1.0,0.46153846153846156,0.593291
896878_2021,8069000000.0,0.837641441,1.942372881,7.546617381,0.215923878,70.22616535,16.7696812,247447719.7106599,56744904338.99978,13.270622841333333,0.12924425,12.92442497,12.92442497,25.84884995,144806000000.0,1.605919003,1.0,1.0,0.0,1.0,1.0,0.0,0.0,1.0,0.0,1.0,0.0,1.0,1.0,0.6153846153846154,0.6150114
829323_2019,2422535602.975138,0.7226859723149172,0.519612966,-0.086566101,0.108243081,-3.415886799,-3.098586547,247447719.7106599,56744904338.99978,13.270622841333333,0.0,0.0,0.0,0.0,15330865.45,-0.6239197943476191,0.0,0.0,0.0,0.0,0.0,0.0,0.0,0.0,0.0,1.0,0.0,0.0,0.0,0.07692307692307693,0.07085353
829323_2020,2422535602.975138,0.7226859723149172,1.664729484,-0.13987388,0.054036732,-3.237916907,-4.52179245,247447719.7106599,56744904338.99978,13.270622841333333,0.62753896,62.75389602,62.75389602,125.507792,23651587.46,-0.6239197943476191,1.0,0.0,0.0,0.0,0.0,1.0,1.0,0.0,1.0,1.0,0.0,0.0,0.0,0.38461538461538464,0.25053644
829323_2021,2422535602.975138,0.7226859723149172,2.164394616,-0.077529298,0.060381384,-6.836125359,-4.30420658,247447719.7106599,56744904338.99978,13.270622841333333,0.040533535,4.053353456,4.053353456,8.106706912,51958989.37,-0.6239197943476191,0.0,0.0,0.0,0.0,0.0,0.0,0.0,0.0,0.0,1.0,0.0,0.0,0.0,0.07692307692307693,0.07703537
727634_2019,2422535602.975138,0.7226859723149172,0.023111492,-0.188541667,0.036042915,-2.386740331,-0.837633339,247447719.7106599,56744904338.99978,13.270622841333333,0.0,0.0,0.0,0.0,2592000.0,-33.9375,0.0,0.0,0.0,0.0,0.0,0.0,0.0,0.0,0.0,1.0,0.0,0.0,0.0,0.07692307692307693,0.08542082
727634_2020,2422535602.975138,0.7226859723149172,0.027172827,-0.091634849,0.038564373,-3.492121212,-0.406832944,247447719.7106599,56744904338.99978,13.270622841333333,-0.513812155,-51.38121547,-51.38121547,-102.7624309,1843840.0,-16.5,0.0,0.0,0.0,0.0,0.0,0.0,0.0,0.0,0.0,1.0,0.0,0.0,0.0,0.07692307692307693,0.07756263
843006_2018,2422535602.975138,0.7226859723149172,7.305384615,0.218562283,0.101313175,51.93027742,3.26150489,247447719.7106599,56744904338.99978,13.270622841333333,0.0,0.0,0.0,0.0,43465642.2,-0.6239197943476191,0.0,0.0,0.0,1.0,0.0,0.0,0.0,0.0,0.0,1.0,0.0,0.0,0.0,0.15384615384615385,0.15367278
843006_2019,2422535602.975138,0.7226859723149172,4.6890625,0.181174826,0.147126437,64.52331286,2.62835249,247447719.7106599,56744904338.99978,13.270622841333333,-0.180406213,-18.04062127,-18.04062127,-36.08124253,44262992.62,-0.6239197943476191,0.0,0.0,0.0,1.0,0.0,0.0,0.0,0.0,0.0,1.0,0.0,0.0,0.0,0.15384615384615385,0.15419558
843006_2020,2422535602.975138,0.7226859723149172,4.884909369,0.558509284,0.162710539,31.35131411,7.483476654,247447719.7106599,56744904338.99978,13.270622841333333,2.069970845,206.9970845,206.9970845,413.9941691,66025867.52,-0.6239197943476191,0.0,0.0,0.0,1.0,0.0,1.0,1.0,0.0,1.0,0.0,0.0,0.0,0.0,0.3076923076923077,0.3076285
843006_2021,2422535602.975138,0.7226859723149172,4.807480179,0.867527886,0.183491461,33.94703558,10.40796964,247447719.7106599,56744904338.99978,13.270622841333333,0.562678063,56.26780627,56.26780627,112.5356125,111719694.1,-0.6239197943476191,0.0,0.0,0.0,1.0,0.0,0.0,1.0,0.0,1.0,1.0,0.0,0.0,0.0,0.3076923076923077,0.30842888
1084048_2020,2422535602.975138,0.7226859723149172,0.705725523,3.397507319,0.728772818,26.83437928,12.44143357,247447719.7106599,56744904338.99978,13.270622841333333,0.0,0.0,0.0,0.0,4043082257.0,-0.6239197943476191,0.0,1.0,1.0,1.0,0.0,0.0,0.0,0.0,0.0,1.0,0.0,1.0,0.0,0.38461538461538464,0.3964004
1084048_2021,2422535602.975138,0.7226859723149172,2.615797666,10.47033233,0.252695997,10.81818575,25.24297008,247447719.7106599,56744904338.99978,13.270622841333333,2.296745162,229.6745162,229.6745162,459.3490323,5373544318.0,-0.6239197943476191,0.0,1.0,0.0,0.0,1.0,1.0,1.0,0.0,1.0,0.0,0.0,1.0,0.0,0.46153846153846156,0.46218458
807882_2019,2422535602.975138,0.7226859723149172,1.44437479,0.4750310783682274,0.100139249,inf,5.988266581,247447719.7106599,56744904338.99978,13.270622841333333,0.0,0.0,0.0,0.0,27774689024.26294,0.380074053,0.0,0.0,0.0,0.0,0.0,0.0,0.0,0.0,0.0,1.0,0.0,0.0,0.0,0.07692307692307693,0.076866984
807882_2020,2422535602.975138,0.7226859723149172,0.985976366,0.4750310783682274,0.208013514,inf,5.486089508,247447719.7106599,56744904338.99978,13.270622841333333,-0.049482724,-4.948272393,-4.948272393,-9.896544786,27774689024.26294,0.361266954,0.0,0.0,0.0,0.0,0.0,0.0,0.0,0.0,0.0,1.0,0.0,0.0,0.0,0.07692307692307693,0.07792419
807882_2021,2422535602.975138,0.7226859723149172,0.51344715,0.4750310783682274,0.186501792,inf,9.394347805,247447719.7106599,56744904338.99978,13.270622841333333,0.846564324,84.65643242,84.65643242,169.3128648,27774689024.26294,3.060638514,0.0,0.0,0.0,0.0,0.0,1.0,1.0,0.0,1.0,1.0,0.0,0.0,1.0,0.38461538461538464,0.3838799
1721947_2021,350370000.0,0.956281319,1.017701709,-0.629586185,0.313629552,-60.3729893,-8.230140513,14155000.0,56744904338.99978,13.270622841333333,0.0,0.0,0.0,0.0,4539384693.0,-4.694031714,0.0,0.0,0.0,0.0,0.0,0.0,0.0,1.0,0.0,1.0,0.0,1.0,0.0,0.23076923076923078,0.23010576
1102993_2020,364707000.0,0.994782063,3.590541402,-1.592700761,0.328079576,-39.07199742,-16.92602474,247447719.7106599,56744904338.99978,13.270622841333333,0.0,0.0,0.0,0.0,4203912490.0,-56.24359645,0.0,0.0,0.0,0.0,0.0,0.0,0.0,1.0,0.0,1.0,0.0,1.0,0.0,0.23076923076923078,0.23102123
1102993_2021,462342000.0,0.984493978,2.847802638,-1.73011983,0.256285932,-20.64596879,-14.33536594,247447719.7106599,56744904338.99978,13.270622841333333,0.161533171,16.1533171,16.1533171,32.3066342,2580209303.0,-65.32880293,0.0,0.0,0.0,0.0,0.0,0.0,0.0,1.0,0.0,1.0,0.0,1.0,0.0,0.23076923076923078,0.23066536
1056696_2018,318276000.0,0.56920686,1.482693579,1.614081463,0.889231692,26.25022402,64.08584773,247447719.7106599,56744904338.99978,13.270622841333333,0.0,0.0,0.0,0.0,2748135953.0,0.434612942,0.0,1.0,1.0,1.0,1.0,0.0,0.0,1.0,0.0,1.0,0.0,1.0,0.0,0.5384615384615384,0.53918093
1056696_2019,332982000.0,0.538850293,1.277786956,1.351498163,1.138604301,59.00858928,53.77265032,247447719.7106599,56744904338.99978,13.270622841333333,-0.180800458,-18.08004585,-18.08004585,-36.1600917,5060694634.0,0.356034723,0.0,1.0,1.0,1.0,1.0,0.0,0.0,1.0,0.0,1.0,0.0,1.0,0.0,0.5384615384615384,0.53880185
1056696_2020,316485000.0,0.539734162,1.695760105,1.373270335,0.83283726,76.59089206,36.88420625,247447719.7106599,56744904338.99978,13.270622841333333,0.01723374,1.723373988,1.723373988,3.446747977,6681789423.0,0.306140711,1.0,1.0,1.0,1.0,1.0,0.0,0.0,1.0,0.0,1.0,0.0,1.0,0.0,0.6153846153846154,0.6155155
1056696_2021,365816000.0,0.551224077,1.639960328,1.749234188,0.922921276,88.89032761,40.93966447,247447719.7106599,56744904338.99978,13.270622841333333,0.266299862,26.62998624,26.62998624,53.25997249,9819892272.0,0.409326866,1.0,1.0,1.0,1.0,1.0,0.0,1.0,1.0,1.0,1.0,0.0,1.0,0.0,0.7692307692307693,0.7682998
1389002_2018,2422535602.975138,0.7226859723149172,2.179206361,-6.945772988,0.045172068,-0.764493745,-13.97552149,-15097000.0,56744904338.99978,13.270622841333333,0.0,0.0,0.0,0.0,31530780.0,-0.6239197943476191,0.0,0.0,0.0,0.0,0.0,0.0,0.0,0.0,0.0,1.0,0.0,0.0,0.0,0.07692307692307693,0.07736373
1389002_2019,2422535602.975138,0.7226859723149172,1.697132988,0.0,0.048368826,inf,0.0,2999000.0,56744904338.99978,13.270622841333333,-1.0,-100.0,-100.0,-200.0,9397800.0,-0.6239197943476191,1.0,0.0,0.0,1.0,0.0,0.0,0.0,0.0,0.0,1.0,0.0,0.0,0.0,0.23076923076923078,0.22979844
1389002_2020,2422535602.975138,0.7226859723149172,1.420726416,0.0,0.052372064,inf,0.0,1651000.0,56744904338.99978,13.270622841333333,19855.9516242278,1985595.1624227813,1985595.1624227813,3971190.324189455,19680860.0,-0.6239197943476191,0.0,0.0,0.0,1.0,0.0,0.0,0.0,0.0,0.0,0.0,0.0,0.0,0.0,0.07692307692307693,0.07722944
1353499_2018,2422535602.975138,0.7226859723149172,1.93e-05,-0.00562921,0.003542617,-0.035528966,-0.184872529,247447719.7106599,56744904338.99978,13.270622841333333,0.0,0.0,0.0,0.0,431792.3378,-0.6239197943476191,0.0,0.0,0.0,0.0,0.0,0.0,0.0,0.0,0.0,1.0,0.0,0.0,0.0,0.07692307692307693,0.076663375
1353499_2019,2422535602.975138,0.7226859723149172,2.476878469482428,0.001843822,0.157586223,0.108470318,17.12298658,247447719.7106599,56744904338.99978,13.270622841333333,-1.997347952,-199.7347952,-199.7347952,-399.4695904,1314770.565,-0.6239197943476191,0.0,0.0,0.0,0.0,1.0,0.0,0.0,0.0,0.0,1.0,0.0,0.0,0.0,0.15384615384615385,0.15417615
1540184_2020,2422535602.975138,0.7226859723149172,1.663752387,-0.848780158,0.368838348,-33.24771407,-12.78191895,30259000.0,56744904338.99978,13.270622841333333,0.0,0.0,0.0,0.0,3734815464.0,-0.6239197943476191,1.0,0.0,0.0,0.0,0.0,0.0,0.0,0.0,0.0,1.0,0.0,1.0,0.0,0.23076923076923078,0.23012426
1540184_2021,2422535602.975138,0.7226859723149172,2.372939928,-0.959096839,0.340669967,-43.26987467,-13.07976708,32656000.0,56744904338.99978,13.270622841333333,0.323351108,32.33511079,32.33511079,64.67022157,6432326489.0,-0.6239197943476191,0.0,0.0,0.0,0.0,0.0,0.0,1.0,0.0,1.0,1.0,0.0,1.0,0.0,0.3076923076923077,0.30749154
1001601_2018,2422535602.975138,0.7226859723149172,0.133027523,-0.237334131,0.005945961,-0.224999244,-6.536837433,247447719.7106599,56744904338.99978,13.270622841333333,0.0,0.0,0.0,0.0,5931655.072,-0.6239197943476191,0.0,0.0,0.0,0.0,0.0,0.0,0.0,0.0,0.0,1.0,0.0,0.0,0.0,0.07692307692307693,0.07741162
1001601_2019,2422535602.975138,0.7226859723149172,0.356150794,-0.023654749,0.002415442,-0.760946577,-2.344991194,-7501000.0,56744904338.99978,13.270622841333333,-0.628797937,-62.87979365,-62.87979365,-125.7595873,7446623.202,-0.6239197943476191,0.0,0.0,0.0,0.0,0.0,0.0,0.0,0.0,0.0,1.0,0.0,0.0,0.0,0.07692307692307693,0.10673183
1001601_2020,2422535602.975138,0.7226859723149172,0.14068655,-0.007669998,0.004247406,-5.215125094,-0.929075251,-2871000.0,56744904338.99978,13.270622841333333,-0.602799918,-60.27999183,-60.27999183,-120.5599837,20271191.24,-0.6239197943476191,0.0,0.0,0.0,0.0,0.0,0.0,0.0,0.0,0.0,1.0,0.0,0.0,0.0,0.07692307692307693,0.075454116
789019_2019,82933000000.0,0.659019572,2.528838951,5.134109643,0.678393433,26.092158,38.34652595,247447719.7106599,56744904338.99978,13.270622841333333,0.0,0.0,0.0,0.0,1023860000000.0,0.914472151,0.0,1.0,1.0,1.0,1.0,0.0,0.0,1.0,0.0,1.0,0.0,1.0,0.0,0.5384615384615384,0.5385183
789019_2020,96937000000.0,0.67781002,2.515765454,5.848765024,0.611221937,34.79537973,37.42984176,247447719.7106599,56744904338.99978,13.270622841333333,0.128465851,12.84658512,12.84658512,25.69317023,1540770000000.0,1.031950594,0.0,1.0,1.0,1.0,1.0,0.0,0.0,1.0,0.0,1.0,0.0,1.0,1.0,0.6153846153846154,0.6153842
789019_2021,115856000000.0,0.689258008,2.079993684,8.148822982,0.624397836,33.24406489,43.15223822,247447719.7106599,56744904338.99978,13.270622841333333,0.383686005,38.36860053,38.36860053,76.73720106,2036900000000.0,1.329723512,0.0,1.0,1.0,1.0,1.0,0.0,1.0,1.0,1.0,1.0,0.0,1.0,1.0,0.7692307692307693,0.7693222
1050446_2018,398139000.0,0.800057471,3.01390798,2.631080449,0.447639945,48.55419759,3.899944017,103480000.0,56744904338.99978,13.270622841333333,0.0,0.0,0.0,0.0,1092518000.0,0.226142976,0.0,1.0,0.0,1.0,0.0,0.0,0.0,1.0,0.0,1.0,0.0,0.0,0.0,0.3076923076923077,0.30737007
1050446_2019,386353000.0,0.794430496,2.792423041,4.251330281,0.454558166,33.54949876,5.787733139,98972000.0,56744904338.99978,13.270622841333333,0.52682103,52.68210302,52.68210302,105.364206,1152593030.0,0.345279852,0.0,1.0,0.0,1.0,0.0,0.0,1.0,1.0,1.0,1.0,0.0,0.0,0.0,0.46153846153846156,0.46156347
1050446_2020,389680000.0,0.810592114,0.954491664,0.349075167,0.374310498,1113.084047,0.348731605,77430000.0,56744904338.99978,13.270622841333333,-0.922544026,-92.25440256,-92.25440256,-184.5088051,2961916650.0,0.02661692,0.0,0.0,0.0,1.0,0.0,0.0,0.0,1.0,0.0,1.0,0.0,1.0,0.0,0.3076923076923077,0.3080087
1050446_2021,418853000.0,0.820055133,0.858903473,0.0,0.180636461,inf,0.0,-692618000.0,56744904338.99978,13.270622841333333,-1.0,-100.0,-100.0,-200.0,5075735780.0,0.0,0.0,0.0,0.0,1.0,0.0,0.0,0.0,1.0,0.0,1.0,0.0,1.0,0.0,0.3076923076923077,0.3080032
807863_2019,76035000.0,0.898865114,2.700019952,0.081303117,0.151694915,118.6916363,2.483353511,62943000.0,56744904338.99978,13.270622841333333,0.0,0.0,0.0,0.0,389545950.4,0.383635301,0.0,0.0,0.0,1.0,0.0,0.0,0.0,1.0,0.0,1.0,0.0,0.0,0.0,0.23076923076923078,0.25012428
807863_2020,91421000.0,0.902388708,3.454015438,0.187027286,0.166232135,68.11840287,5.33313313,80319000.0,56744904338.99978,13.270622841333333,1.380865326,138.0865326,138.0865326,276.1730652,532277200.0,0.913383986,0.0,0.0,0.0,1.0,0.0,1.0,1.0,1.0,1.0,0.0,0.0,0.0,0.0,0.38461538461538464,0.44556892
807863_2021,107725000.0,0.89922953,5.204315336,0.18062442,0.196108735,83.93106543,3.990296846,93652000.0,56744904338.99978,13.270622841333333,0.02098797,2.098797031,2.098797031,4.197594062,669602040.0,0.80675498,0.0,0.0,0.0,1.0,0.0,0.0,0.0,1.0,0.0,1.0,0.0,0.0,0.0,0.23076923076923078,0.27625477
1576914_2020,92635000.0,0.636010985,1.939347716,0.018283206,0.278050997,inf,11.09517799,74063000.0,56744904338.99978,13.270622841333333,0.0,0.0,0.0,0.0,27774689024.26294,0.207243233,1.0,0.0,0.0,0.0,0.0,0.0,0.0,1.0,0.0,1.0,0.0,0.0,0.0,0.23076923076923078,0.2302064
1576914_2021,83029000.0,0.654317777,2.361868061,0.024100902,0.264969732,inf,11.82748645,62063000.0,56744904338.99978,13.270622841333333,0.328388095,32.8388095,32.8388095,65.677619,27774689024.26294,0.275299444,0.0,0.0,0.0,0.0,0.0,0.0,1.0,1.0,1.0,1.0,0.0,0.0,0.0,0.3076923076923077,0.3082918
1118417_2019,2422535602.975138,0.7226859723149172,1.238382145,-0.617063191,0.286704595,-44.9872888,-7.645656133,52990000.0,56744904338.99978,13.270622841333333,0.0,0.0,0.0,0.0,915941200.0,-0.6239197943476191,0.0,0.0,0.0,0.0,0.0,0.0,0.0,0.0,0.0,1.0,0.0,0.0,0.0,0.07692307692307693,0.077886015
1118417_2020,2422535602.975138,0.7226859723149172,3.17253367,-0.392406881,0.220672137,-89.90668033,-3.882347593,58890000.0,56744904338.99978,13.270622841333333,-0.328880157,-32.88801572,-32.88801572,-65.77603143,1228484880.0,-0.6239197943476191,0.0,0.0,0.0,0.0,0.0,0.0,0.0,0.0,0.0,1.0,0.0,0.0,0.0,0.07692307692307693,0.07774994
1118417_2021,2422535602.975138,0.7226859723149172,2.304917115,-0.824676225,0.25348726,-40.62200289,-7.81466804,72234000.0,56744904338.99978,13.270622841333333,1.176302693,117.6302693,117.6302693,235.2605386,1207976500.0,-0.6239197943476191,0.0,0.0,0.0,0.0,0.0,1.0,1.0,0.0,1.0,0.0,0.0,0.0,0.0,0.23076923076923078,0.25320655
1441816_2019,193448000.0,0.72448093,3.439299793,-1.822674907,0.218174373,-50.67277749,-13.1207826,-24197000.0,56744904338.99978,13.270622841333333,0.0,0.0,0.0,0.0,5017162372.0,-1.345843301,0.0,0.0,0.0,0.0,0.0,0.0,0.0,1.0,0.0,1.0,0.0,1.0,0.0,0.23076923076923078,0.23066902
1441816_2020,296364000.0,0.70275064,4.592695888,-3.058804835,0.322264724,-53.58628903,-23.33675031,-22510000.0,56744904338.99978,13.270622841333333,0.772752522,77.27525224,77.27525224,154.5505045,9405572623.0,-2.385847107,0.0,0.0,0.0,0.0,0.0,1.0,1.0,1.0,1.0,1.0,0.0,1.0,0.0,0.46153846153846156,0.46127152
1441816_2021,413304000.0,0.700064365,3.220747389,-4.383428406,0.380273336,-84.31984414,-28.63186075,-32228000.0,56744904338.99978,13.270622841333333,0.520857784,52.08577842,52.08577842,104.1715568,22508676474.0,-2.12948722,0.0,0.0,0.0,0.0,0.0,0.0,1.0,1.0,1.0,1.0,0.0,1.0,0.0,0.38461538461538464,0.40277845
1441816_2022,614290000.0,0.703024324,4.01986198,-4.54991344,0.283112624,-89.03685869,-16.49361413,-29872000.0,56744904338.99978,13.270622841333333,0.149551966,14.9551966,14.9551966,29.91039319,27322384680.0,-1.732962118,0.0,0.0,0.0,0.0,0.0,0.0,0.0,1.0,0.0,1.0,0.0,1.0,0.0,0.23076923076923078,0.23069713
1566895_2021,116158000.0,0.568585316,3.822485565,-0.43287455,0.197441446,-165.6369035,-6.917925578,45527000.0,56744904338.99978,13.270622841333333,0.0,0.0,0.0,0.0,6714257520.0,-0.459930788,0.0,0.0,0.0,0.0,0.0,0.0,0.0,1.0,0.0,1.0,0.0,1.0,0.0,0.23076923076923078,0.20668939
1039280_2019,65237779.0,0.948724977,3.125748763,0.898316384,0.160079359,6.712557076,8.202866087,41145897.0,188177165.2,4.573412634,0.0,0.0,0.0,0.0,70335361.17,2.971809974,0.0,0.0,0.0,0.0,0.0,0.0,0.0,1.0,0.0,1.0,1.0,0.0,1.0,0.3076923076923077,0.29344168
1039280_2020,53474948.0,0.948602948,2.579808985,0.078914437,0.156329322,34.21427198,0.728238542,30479287.0,56744904338.99978,13.270622841333333,-0.910568317,-91.05683174,-91.05683174,-182.1136635,32061544.2,0.265773966,0.0,0.0,0.0,1.0,0.0,0.0,0.0,1.0,0.0,1.0,0.0,0.0,0.0,0.23076923076923078,0.23071533
1039280_2021,51929926.0,0.945545238,2.367415483,0.157855916,0.18196229,29.83733591,1.378292653,31288436.0,56744904338.99978,13.270622841333333,0.897655592,89.76555922,89.76555922,179.5311184,53058451.44,0.613748464,0.0,0.0,0.0,1.0,0.0,1.0,1.0,1.0,1.0,1.0,0.0,0.0,0.0,0.46153846153846156,0.4612976
1448056_2019,2422535602.975138,0.7226859723149172,2.89934614,0.243795821,0.481639809,404.8469716,2.163544144,44293000.0,56744904338.99978,13.270622841333333,0.0,0.0,0.0,0.0,5735062200.0,-0.6239197943476191,0.0,0.0,0.0,1.0,0.0,0.0,0.0,0.0,0.0,1.0,0.0,1.0,0.0,0.23076923076923078,0.22832394
1448056_2020,2422535602.975138,0.7226859723149172,2.656667074,-1.486296333,0.482501131,-31.11088883,-11.39518168,17748000.0,56744904338.99978,13.270622841333333,-7.278201327,-727.8201327,-727.8201327,-1455.640265,2766909120.0,-0.6239197943476191,0.0,0.0,0.0,0.0,0.0,0.0,0.0,0.0,0.0,1.0,0.0,1.0,0.0,0.15384615384615385,0.15436792
1448056_2021,2422535602.975138,0.7226859723149172,2.268849251,0.026976584,0.461417005,2279.013558,0.171775146,10164000.0,56744904338.99978,13.270622841333333,-1.019339532,-101.9339532,-101.9339532,-203.8679065,3919903320.0,-0.6239197943476191,0.0,0.0,0.0,1.0,0.0,0.0,0.0,0.0,0.0,1.0,0.0,1.0,0.0,0.23076923076923078,0.23166445
849399_2019,2422535602.975138,0.7226859723149172,0.845990441,0.049206349,0.656326246,467.216129,0.54025793,1430000000.0,56744904338.99978,13.270622841333333,0.0,0.0,0.0,0.0,14483700000.0,-0.6239197943476191,0.0,0.0,1.0,1.0,0.0,0.0,0.0,0.0,0.0,1.0,0.0,1.0,0.0,0.3076923076923077,0.30794737
849399_2020,2422535602.975138,0.7226859723149172,1.174294432,6.599320883,0.781287247,2.771497299,115.8224076,748000000.0,56744904338.99978,13.270622841333333,124.3870968,12438.70968,12438.70968,24877.41935,10772810000.0,-0.6239197943476191,0.0,1.0,1.0,0.0,1.0,1.0,1.0,0.0,1.0,0.0,0.0,1.0,0.0,0.5384615384615384,0.53829753
849399_2021,2422535602.975138,0.7226859723149172,0.720037453,0.955172414,0.958277254,22.42527076,24.85419471,1258000000.0,56744904338.99978,13.270622841333333,-0.85747363,-85.747363,-85.747363,-171.494726,12423600000.0,-0.6239197943476191,0.0,0.0,1.0,1.0,1.0,0.0,0.0,0.0,0.0,1.0,0.0,1.0,0.0,0.38461538461538464,0.3482001
1002517_2019,2422535602.975138,0.7226859723149172,0.680304226,0.747770433,0.71022126,21.81150695,8.230143782,247447719.7106599,7843316300.0,13.270622841333333,0.0,0.0,0.0,0.0,4663518300.0,0.274143853,0.0,0.0,1.0,1.0,0.0,0.0,0.0,0.0,0.0,1.0,0.0,1.0,0.0,0.3076923076923077,0.308397
1002517_2020,2422535602.975138,0.7226859723149172,0.746327608,0.193944556,0.635987586,171.1313825,3.539154684,247447719.7106599,11744975880.0,13.270622841333333,-0.743337543,-74.33375427,-74.33375427,-148.6675085,9391176880.0,0.070362435,0.0,0.0,1.0,1.0,0.0,0.0,0.0,0.0,0.0,1.0,0.0,1.0,0.0,0.3076923076923077,0.3066297
1002517_2021,2422535602.975138,0.7226859723149172,0.650127269,-0.084669461,0.451752657,-650.0572865,-1.300539077,247447719.7106599,19736043040.0,13.270622841333333,-1.487016419,-148.7016419,-148.7016419,-297.4032837,17373431040.0,-0.041828719,0.0,0.0,0.0,0.0,0.0,0.0,0.0,0.0,0.0,1.0,0.0,1.0,0.0,0.15384615384615385,0.15439582
1618732_2019,932015000.0,0.753970212,2.127782552,-3.293713862,0.326508231,-6.891916224,-33.84197898,-293913000.0,56744904338.99978,13.270622841333333,0.0,0.0,0.0,0.0,4281113628.0,-2.042491977,0.0,0.0,0.0,0.0,0.0,0.0,0.0,1.0,0.0,1.0,0.0,1.0,0.0,0.23076923076923078,0.30105025
1618732_2020,1020993000.0,0.780765507,1.439115605,-4.322294243,0.338593342,-5.133847618,-38.8780855,-542232000.0,56744904338.99978,13.270622841333333,0.405203653,40.52036531,40.52036531,81.04073061,4481248310.0,-2.870117188,0.0,0.0,0.0,0.0,0.0,0.0,1.0,1.0,1.0,1.0,0.0,1.0,0.0,0.38461538461538464,0.38469523
746210_2020,2422535602.975138,0.7226859723149172,1.792466368,0.03343596,0.025919142,153.7267042,0.413776431,247447719.7106599,56744904338.99978,13.270622841333333,0.0,0.0,0.0,0.0,136816766.7,-0.6239197943476191,1.0,0.0,0.0,1.0,0.0,0.0,0.0,0.0,0.0,1.0,0.0,0.0,0.0,0.23076923076923078,0.15646091
1660134_2019,285833000.0,0.715917686,1.257251534,-1.241397528,0.757409088,-66.40097,-16.84758678,-6201000.0,56744904338.99978,13.270622841333333,0.0,0.0,0.0,0.0,8333122532.0,-1.106470583,0.0,0.0,1.0,0.0,0.0,0.0,0.0,1.0,0.0,1.0,0.0,1.0,0.0,0.3076923076923077,0.30749285
1660134_2020,426685000.0,0.728048158,2.924740796,0.4750310783682274,0.494736623,inf,-18.89650893,-26450000.0,56744904338.99978,13.270622841333333,0.664685212,66.46852116,66.46852116,132.9370423,27774689024.26294,-1.841925217,0.0,0.0,0.0,0.0,0.0,1.0,1.0,1.0,1.0,1.0,0.0,0.0,0.0,0.38461538461538464,0.3845896
1660134_2021,617743000.0,0.739436502,1.86241002,-2.168403569,0.933287684,-119.4473223,-16.08191796,13522000.0,56744904338.99978,13.270622841333333,0.274846467,27.48464672,27.48464672,54.96929344,31812644240.0,-1.671029351,1.0,0.0,1.0,0.0,0.0,0.0,1.0,1.0,1.0,1.0,0.0,1.0,0.0,0.5384615384615384,0.5381831
1660134_2022,903796000.0,0.695120216,2.446586997,-5.670286852,0.160367941,-34.89946896,-10.94763989,-370698000.0,56744904338.99978,13.270622841333333,2.185539102,218.5539102,218.5539102,437.1078203,29609093360.0,-3.897496796,0.0,0.0,0.0,0.0,0.0,1.0,1.0,1.0,1.0,0.0,0.0,1.0,0.0,0.38461538461538464,0.38481852
1568100_2020,141772000.0,0.852246154,3.520681202,-0.647084578,0.236201459,-36.03856558,-10.33638051,-30980000.0,56744904338.99978,13.270622841333333,0.0,0.0,0.0,0.0,1814145353.0,-2.048049148,0.0,0.0,0.0,0.0,0.0,0.0,0.0,1.0,0.0,1.0,0.0,0.0,0.0,0.15384615384615385,0.15428972
1568100_2021,182870000.0,0.856309352,3.696214113,-0.831334277,0.281034477,-58.61661352,-11.21296546,-35596000.0,56744904338.99978,13.270622841333333,0.368779674,36.87796738,36.87796738,73.75593476,4038860522.0,-2.803328044,0.0,0.0,0.0,0.0,0.0,0.0,1.0,1.0,1.0,1.0,0.0,1.0,0.0,0.38461538461538464,0.3953143
1568100_2022,233035000.0,0.828138993,2.84190493,-1.238554708,0.368211113,-26.66010616,-17.43077894,-53350000.0,56744904338.99978,13.270622841333333,0.559511197,55.95111969,55.95111969,111.9022394,2864761708.0,-3.50175976,0.0,0.0,0.0,0.0,0.0,0.0,1.0,1.0,1.0,1.0,0.0,1.0,0.0,0.38461538461538464,0.38476777
1017655_2019,2422535602.975138,0.7226859723149172,2.476878469482428,0.4750310783682274,-3937.1234178393274,inf,-30192.062508398467,247447719.7106599,56744904338.99978,13.270622841333333,19855.9516242278,1985595.1624227813,1985595.1624227813,3971190.324189455,27774689024.26294,-0.6239197943476191,0.0,0.0,0.0,0.0,0.0,0.0,0.0,0.0,0.0,0.0,0.0,0.0,0.0,0.0,0.00020965934
1017655_2020,2422535602.975138,0.7226859723149172,2.476878469482428,0.4750310783682274,-3937.1234178393274,inf,-30192.062508398467,247447719.7106599,56744904338.99978,13.270622841333333,19855.9516242278,1985595.1624227813,1985595.1624227813,3971190.324189455,27774689024.26294,-0.6239197943476191,0.0,0.0,0.0,0.0,0.0,0.0,0.0,0.0,0.0,0.0,0.0,0.0,0.0,0.0,0.00020965934
1327567_2019,2091200000.0,0.721202925,1.784834169,-0.84607438,0.824320527,-267.7542369,-3.287968204,754300000.0,56744904338.99978,13.270622841333333,0.0,0.0,0.0,0.0,21929072000.0,-0.101311232,1.0,0.0,1.0,0.0,0.0,0.0,0.0,1.0,0.0,1.0,0.0,1.0,0.0,0.38461538461538464,0.38396555
1327567_2020,2408.9,0.706753902,1.905561541,-2.77258567,1.191439448,-92.30373034,-11.81834278,820.5,56744904338.99978,13.270622841333333,-0.99999674,-99.99967399,-99.99967399,-199.999348,24645.096,-3.3e-07,1.0,0.0,1.0,0.0,0.0,0.0,0.0,1.0,0.0,1.0,0.0,0.0,0.0,0.3076923076923077,0.2558477
1327567_2021,2981.2,0.700453467,0.908261184,-5.127440904,2.213871582,-77.82634797,-21.58618899,970.8,56744904338.99978,13.270622841333333,0.868539326,86.85393258,86.85393258,173.7078652,38827.565,-0.499149575,0.0,0.0,0.0,0.0,0.0,1.0,1.0,1.0,1.0,1.0,0.0,0.0,0.0,0.38461538461538464,0.35816115
1084384_2020,20683000.0,0.297011646,0.448946971,-0.324213398,0.122215349,-1.819789075,-8.225890473,247447719.7106599,56744904338.99978,13.270622841333333,0.0,0.0,0.0,0.0,82758547.75,-0.928974139,0.0,0.0,0.0,0.0,0.0,0.0,0.0,0.0,0.0,1.0,0.0,0.0,0.0,0.07692307692307693,0.08704886
50471_2019,2422535602.975138,0.7226859723149172,3.016020577,0.19715721,0.114455612,27.18642651,5.074084986,247447719.7106599,164717703.9,13.270622841333333,0.0,0.0,0.0,0.0,106092473.9,0.669356737,0.0,0.0,0.0,1.0,0.0,0.0,0.0,0.0,0.0,1.0,0.0,0.0,0.0,0.15384615384615385,0.154681
50471_2020,2422535602.975138,0.7226859723149172,3.046247596,0.4750310783682274,0.118401981,inf,2.116707559,247447719.7106599,56744904338.99978,13.270622841333333,-0.591721364,-59.17213637,-59.17213637,-118.3442727,27774689024.26294,0.273284056,0.0,0.0,0.0,0.0,0.0,0.0,0.0,0.0,0.0,1.0,0.0,0.0,0.0,0.07692307692307693,0.115158826
50471_2021,2422535602.975138,0.7226859723149172,3.19347027,0.212763995,0.125180588,25.89723887,5.54166168,247447719.7106599,56744904338.99978,13.270622841333333,1.584243464,158.4243464,158.4243464,316.8486928,106629161.9,0.588415823,0.0,0.0,0.0,1.0,0.0,1.0,1.0,0.0,1.0,0.0,0.0,0.0,0.0,0.3076923076923077,0.30698135
723531_2019,2422535602.975138,0.7226859723149172,1.171867905,2.878931255,1.849589616,29.79925271,39.48845199,1290700000.0,56744904338.99978,13.270622841333333,0.0,0.0,0.0,0.0,30824347000.0,-0.6239197943476191,0.0,1.0,0.0,1.0,1.0,0.0,0.0,0.0,0.0,1.0,0.0,1.0,0.0,0.38461538461538464,0.30712438
723531_2022,2422535602.975138,0.7226859723149172,1.234407825,3.060479376,1.591608542,inf,39.48011793,247447719.7106599,56744904338.99978,13.270622841333333,0.0,0.0,0.0,0.0,27774689024.26294,-0.6239197943476191,0.0,1.0,0.0,0.0,1.0,0.0,0.0,0.0,0.0,1.0,0.0,0.0,0.0,0.23076923076923078,0.2313596
1590955_2018,551804000.0,0.974340321,1.034937911,2.39302022,2.600374125,51.32844218,34.64824692,247447719.7106599,56744904338.99978,13.270622841333333,0.0,0.0,0.0,0.0,7035332927.0,9.431943298,0.0,1.0,0.0,1.0,1.0,0.0,0.0,1.0,0.0,1.0,0.0,1.0,1.0,0.5384615384615384,0.5498878
1590955_2019,717260000.0,0.972330483,1.067052481,3.131737773,3.043431928,85.90757576,31.34096771,247447719.7106599,56744904338.99978,13.270622841333333,0.317447926,31.74479262,31.74479262,63.48958523,15512846400.0,12.42609414,0.0,1.0,0.0,1.0,1.0,0.0,1.0,1.0,1.0,1.0,0.0,1.0,1.0,0.6923076923076923,0.6859495
1590955_2020,815666000.0,0.969376089,1.08531574,2.484507872,2.387416119,182.0280005,19.93457649,247447719.7106599,56744904338.99978,13.270622841333333,-0.20558103,-20.55810296,-20.55810296,-41.11620592,26112462750.0,7.028220077,0.0,1.0,0.0,1.0,1.0,0.0,0.0,1.0,0.0,1.0,0.0,1.0,1.0,0.5384615384615384,0.51448417
1590955_2021,1024113000.0,0.970241321,1.131444275,3.377921809,2.173935837,122.912851,21.40285,247447719.7106599,56744904338.99978,13.270622841333333,0.366022321,36.60223209,36.60223209,73.20446418,24086002280.0,7.604781124,0.0,1.0,0.0,1.0,1.0,0.0,1.0,1.0,1.0,1.0,0.0,1.0,1.0,0.6923076923076923,0.6922743
1591698_2019,293901000.0,0.656392378,1.096247514,1.014093264,4.727981193,92.51614551,17.47704277,190194000.0,56744904338.99978,13.270622841333333,0.0,0.0,0.0,0.0,4979496500.0,0.34983848,0.0,1.0,0.0,1.0,1.0,0.0,0.0,1.0,0.0,1.0,0.0,1.0,0.0,0.46153846153846156,0.46136782
1591698_2020,364202000.0,0.666777735,1.180429259,1.198226502,3.585928513,121.7549434,16.40460362,233064000.0,56744904338.99978,13.270622841333333,0.197536369,19.75363692,19.75363692,39.50727384,7847714880.0,0.418944303,0.0,1.0,0.0,1.0,1.0,0.0,0.0,1.0,0.0,1.0,0.0,1.0,0.0,0.46153846153846156,0.6069149
1591698_2021,412427000.0,0.652858443,1.088840696,1.297193831,3.914654142,147.086731,14.84892961,273439000.0,56744904338.99978,13.270622841333333,0.098735552,9.873555194,9.873555194,19.74711039,10416535200.0,0.389094006,0.0,1.0,0.0,1.0,0.0,0.0,0.0,1.0,0.0,1.0,0.0,1.0,0.0,0.38461538461538464,0.58940935
1013857_2020,706604000.0,0.694439503,2.123094309,-0.758721721,0.848688239,-175.6375181,-11.31983946,167386000.0,56744904338.99978,13.270622841333333,0.0,0.0,0.0,0.0,10779401400.0,-0.197396056,0.0,0.0,1.0,0.0,0.0,0.0,0.0,1.0,0.0,1.0,0.0,1.0,0.0,0.3076923076923077,0.3253858
1013857_2021,875290000.0,0.722393292,1.73096637,-0.771490112,1.16658976,-144.9402893,-15.15064121,241631000.0,56744904338.99978,13.270622841333333,0.027161781,2.716178124,2.716178124,5.432356248,9137035840.0,-0.202757685,1.0,0.0,1.0,0.0,0.0,0.0,0.0,1.0,0.0,1.0,0.0,1.0,0.0,0.38461538461538464,0.3849529
1725579_2020,2422535602.975138,0.7226859723149172,1.653792358,-1.348594563,0.454919209,-15.54210626,-21.79730713,-60736000.0,56744904338.99978,13.270622841333333,0.0,0.0,0.0,0.0,2550319759.0,-0.6239197943476191,1.0,0.0,0.0,0.0,0.0,0.0,0.0,0.0,0.0,1.0,0.0,1.0,0.0,0.23076923076923078,0.26901847
876167_2020,434253000.0,0.982139545,0.910079492,1.801993626,0.758766289,22.41406375,23.04017479,169842000.0,56744904338.99978,13.270622841333333,0.0,0.0,0.0,0.0,1786893990.0,10.09522604,0.0,1.0,1.0,1.0,1.0,0.0,0.0,1.0,0.0,1.0,0.0,0.0,1.0,0.5384615384615384,0.5400109
876167_2021,516377000.0,0.97188851,1.046075143,1.776370615,0.782879059,27.28034319,19.01141606,194551000.0,56744904338.99978,13.270622841333333,-0.016331753,-1.633175284,-1.633175284,-3.266350568,2139324513.0,9.930353299,0.0,1.0,1.0,1.0,1.0,0.0,0.0,1.0,0.0,1.0,0.0,1.0,1.0,0.6153846153846154,0.61539894
1212458_2018,515233000.0,0.71860155,0.806311381,-1.88124898,0.54562513,-44.55019027,-9.364025369,100050000.0,56744904338.99978,13.270622841333333,0.0,0.0,0.0,0.0,4622037690.0,-0.514217317,0.0,0.0,1.0,0.0,0.0,0.0,0.0,1.0,0.0,1.0,0.0,1.0,0.0,0.3076923076923077,0.3076812
1212458_2019,651976000.0,0.734050147,1.593635739,-2.294044097,0.585554487,-50.0339118,-9.882905794,131283000.0,56744904338.99978,13.270622841333333,0.255578367,25.5578367,25.5578367,51.1156734,6517667520.0,-0.645640139,1.0,0.0,1.0,0.0,0.0,0.0,1.0,1.0,1.0,1.0,0.0,1.0,0.0,0.5384615384615384,0.5385149
1212458_2020,774551000.0,0.737660594,1.455960741,-2.864895589,0.588391544,-47.61430068,-11.13970311,180263000.0,56744904338.99978,13.270622841333333,0.257505853,25.75058535,25.75058535,51.50117069,7799650980.0,-0.693477101,0.0,0.0,1.0,0.0,0.0,0.0,1.0,1.0,1.0,1.0,0.0,1.0,0.0,0.46153846153846156,0.53322303
1392972_2020,2422535602.975138,0.7226859723149172,2.665666112,-1.771313049,0.251117072,-28.66235307,-13.06940106,247447719.7106599,56744904338.99978,13.270622841333333,0.0,0.0,0.0,0.0,2206542589.0,-0.735752583,0.0,0.0,0.0,0.0,0.0,0.0,0.0,0.0,0.0,1.0,0.0,1.0,0.0,0.15384615384615385,0.1530087
1392972_2021,2422535602.975138,0.7226859723149172,1.831239626,-1.824079321,0.283210138,-18.90816897,-14.85458932,247447719.7106599,56744904338.99978,13.270622841333333,0.054881534,5.488153383,5.488153383,10.97630677,1535513494.0,-0.776131813,1.0,0.0,0.0,0.0,0.0,0.0,0.0,0.0,0.0,1.0,0.0,0.0,0.0,0.15384615384615385,0.15404016
857005_2019,800184000.0,0.610131651,0.978612648,0.025927119,0.532103884,2629.679027,0.198210319,247447719.7106599,56744904338.99978,13.270622841333333,0.0,0.0,0.0,0.0,7833813820.0,0.005826211,0.0,0.0,1.0,1.0,0.0,0.0,0.0,1.0,0.0,1.0,0.0,1.0,0.0,0.38461538461538464,0.38432154
857005_2020,935934000.0,0.641747376,1.22428903,1.125468245,0.4247508,73.49829756,8.154534019,545134000.0,56744904338.99978,13.270622841333333,42.87210473,4287.210473,4287.210473,8574.420947,9605860000.0,0.255608144,0.0,1.0,0.0,1.0,0.0,1.0,1.0,1.0,1.0,0.0,0.0,1.0,0.0,0.5384615384615384,0.5384012
857005_2021,1219444000.0,0.674785119,1.37692132,4.070593959,0.382288071,29.42813781,23.39614848,751850000.0,56744904338.99978,13.270622841333333,2.649129653,264.9129653,264.9129653,529.8259306,14034955770.0,0.912804485,0.0,1.0,0.0,1.0,1.0,1.0,1.0,1.0,1.0,0.0,0.0,1.0,0.0,0.6153846153846154,0.61556494
1410384_2020,2422535602.975138,0.7226859723149172,4.225693635,-2.476872683,0.142327171,-51.08457971,-13.43180592,128319000.0,56744904338.99978,13.270622841333333,0.0,0.0,0.0,0.0,7030259860.0,-0.6239197943476191,0.0,0.0,0.0,0.0,0.0,0.0,0.0,0.0,0.0,1.0,0.0,1.0,0.0,0.15384615384615385,0.15429538
1410384_2021,2422535602.975138,0.7226859723149172,3.103208639,-1.980501686,0.15817709,-40.11104891,-10.59280472,195690000.0,56744904338.99978,13.270622841333333,-0.180744078,-18.07440779,-18.07440779,-36.14881558,4522360320.0,-0.6239197943476191,0.0,0.0,0.0,0.0,0.0,0.0,0.0,0.0,0.0,1.0,0.0,1.0,0.0,0.15384615384615385,0.15274617
1036188_2019,2422535602.975138,0.7226859723149172,1.422226879,0.628003613,0.873314254,67.13337169,5.300854501,247447719.7106599,56744904338.99978,13.270622841333333,0.0,0.0,0.0,0.0,700066800.0,0.066895897,0.0,0.0,1.0,1.0,0.0,0.0,0.0,0.0,0.0,1.0,0.0,0.0,0.0,0.23076923076923078,0.22988522
1036188_2020,2422535602.975138,0.7226859723149172,1.402307154,23.96399556,0.874651205,2.146970854,0.207254934,247447719.7106599,56744904338.99978,13.270622841333333,-0.960682777,-96.06827771,-96.06827771,-192.1365554,880258.05,0.002630161,0.0,1.0,1.0,0.0,0.0,0.0,0.0,0.0,0.0,1.0,0.0,0.0,0.0,0.23076923076923078,0.2307882
1036188_2021,2422535602.975138,0.7226859723149172,1.381922623,0.636834532,0.872849292,101.7375734,5.38102417,247447719.7106599,56744904338.99978,13.270622841333333,25.98780488,2598.780488,2598.780488,5197.560976,1125726250.0,0.079087121,0.0,0.0,1.0,1.0,0.0,1.0,1.0,0.0,1.0,0.0,0.0,0.0,0.0,0.38461538461538464,0.38536763
1107843_2020,2422535602.975138,0.7226859723149172,1.858776835,2.332886187,0.632240742,52.24001096,22.63932635,175880000.0,56744904338.99978,13.270622841333333,0.0,0.0,0.0,0.0,4783722284.0,-0.6239197943476191,1.0,1.0,1.0,1.0,1.0,0.0,0.0,0.0,0.0,1.0,0.0,1.0,0.0,0.5384615384615384,0.4200685
1107843_2021,2422535602.975138,0.7226859723149172,1.795707901,1.814276948,0.637471901,75.6334363,14.86624361,177122000.0,56744904338.99978,13.270622841333333,-0.225090639,-22.50906391,-22.50906391,-45.01812781,5366948640.0,-0.6239197943476191,1.0,1.0,1.0,1.0,0.0,0.0,0.0,0.0,0.0,1.0,0.0,1.0,0.0,0.46153846153846156,0.46182156
892482_2020,20719000.0,0.712678866,0.87664863,-0.688928375,0.297600926,-11.59772233,-11.94379096,1049000.0,56744904338.99978,13.270622841333333,0.0,0.0,0.0,0.0,110108775.8,-1.13659763,0.0,0.0,0.0,0.0,0.0,0.0,0.0,1.0,0.0,1.0,0.0,0.0,0.0,0.15384615384615385,0.15298295
1560327_2019,235801000.0,0.721220871,1.271818413,-1.078817836,0.473331132,-51.9272097,-8.890448279,45151000.0,56744904338.99978,13.270622841333333,0.0,0.0,0.0,0.0,2796020606.0,-0.590755491,0.0,0.0,0.0,0.0,0.0,0.0,0.0,1.0,0.0,1.0,0.0,1.0,0.0,0.23076923076923078,0.2308779
1560327_2020,289969000.0,0.704687401,1.338392691,-1.89274251,0.510731256,-47.63458289,-14.27210104,47418000.0,56744904338.99978,13.270622841333333,0.835806482,83.58064816,83.58064816,167.1612963,4708630884.0,-1.08451276,0.0,0.0,1.0,0.0,0.0,1.0,1.0,1.0,1.0,1.0,0.0,1.0,0.0,0.5384615384615384,0.538889
1560327_2021,366456000.0,0.684447632,0.923308014,-2.536337286,0.76204165,-46.40155734,-23.79290834,48883000.0,56744904338.99978,13.270622841333333,0.480379164,48.03791642,48.03791642,96.07583284,6790125492.0,-1.204226569,0.0,0.0,1.0,0.0,0.0,0.0,1.0,1.0,1.0,1.0,0.0,1.0,0.0,0.46153846153846156,0.4619367
1046327_2019,68986000.0,0.400818067,0.567471746,-0.523216575,0.149333147,-2.293505325,-3.105407797,70684000.0,56744904338.99978,13.270622841333333,0.0,0.0,0.0,0.0,45872400.0,-0.19394533,0.0,0.0,0.0,0.0,0.0,0.0,0.0,0.0,0.0,1.0,0.0,0.0,0.0,0.07692307692307693,0.077315986
1046327_2020,51597000.0,0.758088214,2.104128158,-0.126275245,0.034658011,-12.35396538,-0.740078645,11441000.0,56744904338.99978,13.270622841333333,-0.757412129,-75.74121294,-75.74121294,-151.4824259,59941440.0,-0.047048785,0.0,0.0,0.0,0.0,0.0,0.0,0.0,1.0,0.0,1.0,0.0,0.0,0.0,0.15384615384615385,0.15399897
1046327_2021,44427000.0,0.763573552,2.253220045,-0.46513744,0.027238381,-2.106904144,-3.24021457,-7117000.0,56744904338.99978,13.270622841333333,3.530296785,353.0296785,353.0296785,706.059357,46311860.0,-1.335013665,0.0,0.0,0.0,0.0,0.0,1.0,1.0,1.0,1.0,0.0,0.0,0.0,0.0,0.3076923076923077,0.3599308
1286225_2020,1100171000.0,0.949664389,1.166896545,0.453458884,0.544883656,192.3878946,2.867131006,604045000.0,56744904338.99978,13.270622841333333,0.0,0.0,0.0,0.0,8910252951.0,0.794231132,0.0,0.0,1.0,1.0,0.0,0.0,0.0,1.0,0.0,1.0,0.0,1.0,0.0,0.38461538461538464,0.36279476
1384905_2018,516495000.0,0.766740793,3.548944367,-0.377320181,0.361761856,-218.4881807,-4.754862288,140693000.0,56744904338.99978,13.270622841333333,0.0,0.0,0.0,0.0,5725045800.0,-0.166761069,0.0,0.0,0.0,0.0,0.0,0.0,0.0,1.0,0.0,1.0,0.0,1.0,0.0,0.23076923076923078,0.23084593
1384905_2020,860050000.0,0.726604075,2.114121552,-0.917792768,0.650000742,-412.9145634,-12.31486015,210368000.0,56744904338.99978,13.270622841333333,0.0,0.0,0.0,0.0,34270257100.0,-0.256471584,0.0,0.0,1.0,0.0,0.0,0.0,0.0,1.0,0.0,1.0,0.0,1.0,0.0,0.3076923076923077,0.30808324
1384905_2021,1146385000.0,0.718847546,1.236515477,-3.989545006,0.484206943,-46.96024226,-34.61775557,146583000.0,56744904338.99978,13.270622841333333,3.533351005,353.3351005,353.3351005,706.670201,17668791150.0,-1.162675715,0.0,0.0,0.0,0.0,0.0,1.0,1.0,1.0,1.0,0.0,0.0,1.0,0.0,0.38461538461538464,0.3843565
1167419_2018,2422535602.975138,0.7226859723149172,0.347001962,-3.995284887,0.032814355,-1.329066675,-28.58688348,247447719.7106599,56744904338.99978,13.270622841333333,0.0,0.0,0.0,0.0,77096197.98,-0.6239197943476191,0.0,0.0,0.0,0.0,0.0,0.0,0.0,0.0,0.0,1.0,0.0,0.0,0.0,0.07692307692307693,0.07719314
1167419_2019,2422535602.975138,0.7226859723149172,3.748293262,-0.798911704,0.013838116,-3.717557255,-8.230988507,247447719.7106599,56744904338.99978,13.270622841333333,-0.654546297,-65.45462968,-65.45462968,-130.9092594,74496129.84,-0.6239197943476191,0.0,0.0,0.0,0.0,0.0,0.0,0.0,0.0,0.0,1.0,0.0,0.0,0.0,0.07692307692307693,0.07652801
1167419_2020,2422535602.975138,0.7226859723149172,98.5669587,8.91e-05,0.004728174,214593.5543,0.001380777,247447719.7106599,56744904338.99978,13.270622841333333,-1.000349319,-100.0349319,-100.0349319,-200.0698638,1502154880.0,-0.6239197943476191,0.0,0.0,0.0,1.0,0.0,0.0,0.0,0.0,0.0,1.0,0.0,0.0,0.0,0.15384615384615385,0.15404749
1167419_2021,2422535602.975138,0.7226859723149172,5.21978012,-0.067889539,0.06888268,-50.37594931,-0.496882106,247447719.7106599,56744904338.99978,13.270622841333333,-1133.285714,-113328.5714,-113328.5714,-226657.1429,399279774.2,-0.6239197943476191,0.0,0.0,0.0,0.0,0.0,0.0,0.0,0.0,0.0,1.0,0.0,0.0,0.0,0.07692307692307693,0.07722977
823546_2020,2422535602.975138,0.7226859723149172,0.111469814,-0.005481843,0.04581507,-547.2612385,-8.147152937,247447719.7106599,56744904338.99978,13.270622841333333,0.0,0.0,0.0,0.0,68428998.0,-0.6239197943476191,0.0,0.0,0.0,0.0,0.0,0.0,0.0,0.0,0.0,1.0,0.0,0.0,0.0,0.07692307692307693,0.07669109
823546_2021,2422535602.975138,0.7226859723149172,4.284338299,-0.096715843,0.041513114,-13.64822931,-51.55915496,-2353582.0,56744904338.99978,13.270622841333333,17.90275834,1790.275834,1790.275834,3580.551668,32258709.12,-0.6239197943476191,0.0,0.0,0.0,0.0,0.0,1.0,1.0,0.0,1.0,0.0,0.0,0.0,0.0,0.23076923076923078,0.24799109
1423586_2018,2422535602.975138,0.7226859723149172,2.476878469482428,-0.000846282,0.039137755,inf,-0.268339848,247447719.7106599,56744904338.99978,13.270622841333333,0.0,0.0,0.0,0.0,27774689024.26294,-0.6239197943476191,0.0,0.0,0.0,0.0,0.0,0.0,0.0,0.0,0.0,1.0,0.0,0.0,0.0,0.07692307692307693,0.07615197
1351285_2018,137712000.0,0.793116556,0.544319179,0.074446407,0.732030343,220.2926991,0.861851696,16303000.0,56744904338.99978,13.270622841333333,0.0,0.0,0.0,0.0,384190467.2,0.048549635,0.0,0.0,1.0,1.0,0.0,0.0,0.0,1.0,0.0,1.0,0.0,0.0,0.0,0.3076923076923077,0.30770537
1351285_2019,145441000.0,0.796055872,0.548247751,-0.538493338,0.720250799,-33.68658205,-6.144769168,24323000.0,56744904338.99978,13.270622841333333,-8.428899083,-842.8899083,-842.8899083,-1685.779817,436443357.1,-0.360670341,0.0,0.0,1.0,0.0,0.0,0.0,0.0,1.0,0.0,1.0,0.0,0.0,0.0,0.23076923076923078,0.23091146
1627857_2018,2422535602.975138,0.7226859723149172,1.524495458,0.06859617,0.348311989,342.4389457,1.589386089,60726000.0,56744904338.99978,13.270622841333333,0.0,0.0,0.0,0.0,2055660991.0,-0.6239197943476191,1.0,0.0,0.0,1.0,0.0,0.0,0.0,0.0,0.0,1.0,0.0,1.0,0.0,0.3076923076923077,0.23741445
1627857_2019,2422535602.975138,0.7226859723149172,3.38667393,-0.094785673,0.390057119,-248.9827765,-1.921307755,56042000.0,56744904338.99978,13.270622841333333,-2.415958687,-241.5958687,-241.5958687,-483.1917375,2116353600.0,-0.6239197943476191,0.0,0.0,0.0,0.0,0.0,0.0,0.0,0.0,0.0,1.0,0.0,1.0,0.0,0.15384615384615385,0.15282854
1627857_2020,2422535602.975138,0.7226859723149172,1.201951034,1.86e-07,1.152570597,286199449.4,3.51e-06,86624000.0,56744904338.99978,13.270622841333333,-1.000002,-100.0002,-100.0002,-200.0004,4865390640.0,-0.6239197943476191,0.0,0.0,1.0,1.0,0.0,0.0,0.0,0.0,0.0,1.0,0.0,1.0,0.0,0.3076923076923077,0.30754685
1627857_2021,2422535602.975138,0.7226859723149172,0.948184911,-0.657331172,1.455854828,-73.53979557,-12.78952502,56156000.0,56744904338.99978,13.270622841333333,-3625530.412,-362553041.2,-362553041.2,-725106082.4,4532551760.0,-0.6239197943476191,0.0,0.0,1.0,0.0,0.0,0.0,0.0,0.0,0.0,1.0,0.0,1.0,0.0,0.23076923076923078,0.23014635
1108524_2019,9831000000.0,0.740174672,0.949178143,1.441558442,0.721243191,105.4206306,7.113104774,3986000000.0,56744904338.99978,13.270622841333333,0.0,0.0,0.0,0.0,117017000000.0,0.3216459,0.0,1.0,1.0,1.0,0.0,0.0,0.0,1.0,0.0,1.0,0.0,1.0,0.0,0.46153846153846156,0.46095195
1108524_2020,12863000000.0,0.752310212,1.075311553,0.141097424,0.438099454,1292.085952,0.37184595,4532000000.0,56744904338.99978,13.270622841333333,-0.886486486,-88.64864865,-88.64864865,-177.2972973,162803000000.0,0.036511156,0.0,0.0,0.0,1.0,0.0,0.0,0.0,1.0,0.0,1.0,0.0,1.0,0.0,0.3076923076923077,0.30724353
1108524_2021,15814000000.0,0.744118201,1.234713448,4.430903156,0.42725279,50.9061002,9.813703516,5893000000.0,56744904338.99978,13.270622841333333,31.31746032,3131.746032,3131.746032,6263.492063,207290000000.0,0.961511216,0.0,1.0,0.0,1.0,0.0,1.0,1.0,1.0,1.0,0.0,0.0,1.0,0.0,0.5384615384615384,0.5387121
1108524_2022,19466000000.0,0.73478786,1.048742427,1.460060667,0.374808622,159.3289958,2.484044658,7574000000.0,56744904338.99978,13.270622841333333,-0.645383104,-64.53831041,-64.53831041,-129.0766208,230071000000.0,0.265538801,0.0,1.0,0.0,1.0,0.0,0.0,0.0,1.0,0.0,1.0,0.0,1.0,0.0,0.38461538461538464,0.41765437
1019671_2019,40790000.0,0.653664947,2.749717708,-1.13762167,0.084015971,-1.397652702,-16.84815337,-11114000.0,56744904338.99978,13.270622841333333,0.0,0.0,0.0,0.0,57089919.9,-1.890014807,0.0,0.0,0.0,0.0,0.0,0.0,0.0,1.0,0.0,1.0,0.0,0.0,0.0,0.15384615384615385,0.15352184
1019671_2020,49681000.0,0.739807011,2.621228132,-0.240047604,0.069507522,-18.49633127,-3.640228999,14768000.0,56744904338.99978,13.270622841333333,-0.781599628,-78.15996279,-78.15996279,-156.3199256,165005771.3,-0.412779937,0.0,0.0,0.0,0.0,0.0,0.0,0.0,1.0,0.0,1.0,0.0,0.0,0.0,0.15384615384615385,0.13242668
1019671_2021,13486000.0,0.613027865,2.125708186,-0.578092517,0.049418534,-3.200179806,-8.829114694,-9452000.0,56744904338.99978,13.270622841333333,1.439076337,143.9076337,143.9076337,287.8152673,69632712.4,-1.245292737,0.0,0.0,0.0,0.0,0.0,1.0,1.0,1.0,1.0,0.0,0.0,0.0,0.0,0.3076923076923077,0.30800325
1468666_2019,272592000.0,0.525520089,1.147660409,-0.558585714,0.294536197,-41.37234342,-4.420354818,197385000.0,56744904338.99978,13.270622841333333,0.0,0.0,0.0,0.0,1617700000.0,-0.158871594,0.0,0.0,0.0,0.0,0.0,0.0,0.0,1.0,0.0,1.0,0.0,0.0,0.0,0.15384615384615385,0.15344712
1468666_2020,299969000.0,0.542670032,1.09693175,-0.452371429,0.327087581,-34.772311,-3.530278723,200622000.0,56744904338.99978,13.270622841333333,-0.19014859,-19.01485896,-19.01485896,-38.02971791,1101100000.0,-0.128662384,0.0,0.0,0.0,0.0,0.0,0.0,0.0,1.0,0.0,1.0,0.0,0.0,0.0,0.15384615384615385,0.15351513
1468666_2021,318867000.0,0.568355929,1.176238364,-0.312885714,0.320861095,-44.23340334,-2.387544912,209332000.0,56744904338.99978,13.270622841333333,-0.308343334,-30.83433335,-30.83433335,-61.66866671,968800000.0,-0.086639029,0.0,0.0,0.0,0.0,0.0,0.0,0.0,1.0,0.0,1.0,0.0,0.0,0.0,0.15384615384615385,0.15377167
1373715_2020,2422535602.975138,0.7226859723149172,1.209972642,0.605088744,1.256691025,909.6682187,3.984905493,1185976000.0,56744904338.99978,13.270622841333333,0.0,0.0,0.0,0.0,107798000000.0,-0.6239197943476191,0.0,0.0,1.0,1.0,0.0,0.0,0.0,0.0,0.0,1.0,0.0,1.0,0.0,0.3076923076923077,0.30822092
1373715_2021,2422535602.975138,0.7226859723149172,1.054758537,1.152964811,1.339377537,562.9920305,6.228443843,1610000000.0,56744904338.99978,13.270622841333333,0.942068977,94.20689772,94.20689772,188.4137954,129568000000.0,-0.6239197943476191,0.0,1.0,1.0,1.0,0.0,1.0,1.0,0.0,1.0,1.0,0.0,1.0,0.0,0.6153846153846154,0.5270626
