,rider_provider,GrossProfit,GrossMargin,WorkingCapitalRatio,EarningPerShare,DebtToEquityRatio,PEratio,ReturnOfEquity,EBIDTAratio,EvRatio,EVbyEbidta,ChurnRate,GrowthRate,ProfitMargin,RuleOf40,MarketCap,MagicNumber,wce_label,eps_label,de_label,pe_label,roe_label,growth_rate_label,profitm_label,grossm_label,ro40_label,churnrate_label,EVbyEbidta_label,marketCap_label,magicNum_label
1,1459417_2021,,,,,,,,,,,,,,,,,,,,,,,,,,,,,
1,1459417_2020,,,,,,,,,,,,,,,,,,,,,,,,,,,,,
1,1023731_2021,352262000.0,0.6617187382594714,2.2782794246074247,-0.41264587243255446,0.160628762524102,-70.4478148021495,-5.959692606164551,-146149000.0,,,-0.0,-0.0,-0.0,-0.0,3172546891.8,-0.25007496584889105,0.0,0.0,0.0,0.0,0.0,0.0,0.0,1.0,0.0,1.0,,1.0,0.0
1,1023731_2020,301224000.0,0.6750314294870214,2.245590439538181,,0.19733034466660485,,-5.478245298765416,-159819000.0,,,-0.0,-0.0,-0.0,-0.0,,-0.2362891602821816,0.0,,0.0,,0.0,0.0,0.0,1.0,0.0,1.0,,,0.0
1,1580808_2021,,,,,,,,,,,,,,,,,,,,,,,,,,,,,
1,935036_2021,,,,,,,,,,,,,,,,,,,,,,,,,,,,,
1,935036_2020,,,,,,,,,,,,,,,,,,,,,,,,,,,,,
1,796343_2021,,,,,,,,,,,,,,,,,,,,,,,,,,,,,
1,796343_2020,,,,,,,,,,,,,,,,,,,,,,,,,,,,,
1,1342936_2021,,,,,,,,,,,,,,,,,,,,,,,,,,,,,
1,1342936_2020,,,,,,,,,,,,,,,,,,,,,,,,,,,,,
1,78749_2021,89376000.0,0.6515425438852277,2.184390419829183,,0.7636962291551905,,-26.292002604036256,,,,-0.0,-0.0,-0.0,-0.0,,-0.43935146443514644,0.0,,1.0,,0.0,0.0,0.0,1.0,0.0,1.0,,,0.0
1,1459200_2021,,,,,,,,,,,,,,,,,,,,,,,,,,,,,
1,1459200_2020,,,,,,,,,,,,,,,,,,,,,,,,,,,,,
1,1701732_2021,,,,,,,,,,,,,,,,,,,,,,,,,,,,,
1,1701732_2020,,,,,,,,,,,,,,,,,,,,,,,,,,,,,
1,1689923_2021,,,,,,,,,,,,,,,,,,,,,,,,,,,,,
1,1689923_2020,,,,,,,,,,,,,,,,,,,,,,,,,,,,,
1,713425_2021,60980000.0,0.5473574608645698,2.696648507816201,0.22703055097555777,0.31765856594688135,,5.071727735560405,54789000.0,,,0.0,0.0,0.0,0.0,,0.16040691679225827,0.0,0.0,0.0,,0.0,0.0,0.0,1.0,0.0,1.0,,,0.0
1,1540755_2021,,,1.3056850574428964,-1.0729258128806567,0.4345124154830269,,-16.511117902853066,,,,-0.0,-0.0,-0.0,-0.0,,-1.412813477826003,0.0,0.0,0.0,,0.0,0.0,0.0,,0.0,1.0,,,0.0
1,1540755_2020,,,1.5044752544752544,-1.1012731097088453,0.39025070803744577,,-18.925431893329545,,,,-0.0,-0.0,-0.0,-0.0,,-1.6437754056644305,1.0,0.0,0.0,,0.0,0.0,0.0,,0.0,1.0,,,0.0
1,1013462_2021,,,,,,,,,,,,,,,,,,,,,,,,,,,,,
1,1013462_2020,,,,,,,,,,,,,,,,,,,,,,,,,,,,,
1,1433195_2021,,,,,,,,,,,,,,,,,,,,,,,,,,,,,
1,1433195_2020,,,,,,,,,,,,,,,,,,,,,,,,,,,,,
1,1441683_2021,,,,,,,,,,,,,,,,,,,,,,,,,,,,,
1,1441683_2020,,,,,,,,,,,,,,,,,,,,,,,,,,,,,
1,1477720_2021,198263000.0,0.8733898962132826,2.7267794660989995,-1.3110601932127817,0.309252841382024,,-40.049866065348006,-146826000.0,,,-0.0,-0.0,-0.0,-0.0,,-7.366132006541178,0.0,0.0,0.0,,0.0,0.0,0.0,1.0,0.0,1.0,,,0.0
1,929940_2021,,,5.428651169363386,4.70906830234821,0.07959472097981422,,17.985325057237,,,,0.0,0.0,0.0,0.0,,,0.0,1.0,0.0,,1.0,0.0,0.0,,0.0,1.0,,,
1,929940_2020,,,2.773755000042644,,0.1607989961119911,,15.74890456892473,,,,0.0,0.0,0.0,0.0,,,0.0,,0.0,,1.0,0.0,0.0,,0.0,1.0,,,
1,884144_2021,,,,,,,,,,,,,,,,,,,,,,,,,,,,,
1,769397_2021,3548.3,0.9361281131279021,0.8293237471963621,5.501821493624773,1.262049711117143,,46.84943192834154,966.2000000000003,,,0.0,0.0,0.0,0.0,,4.990499793473772,0.0,1.0,1.0,,1.0,0.0,0.0,1.0,0.0,1.0,,,1.0
1,769397_2020,3050.4,0.931618971994014,0.826074801192843,0.9776663628076572,1.389382822615451,,9.257660768234786,667.9000000000001,,,0.0,0.0,0.0,0.0,,0.9580169718624386,0.0,0.0,1.0,,0.0,0.0,0.0,1.0,0.0,1.0,,,0.0
1,8670_2021,6365.1,0.42418729257467314,1.0694845490723144,6.1328770356384235,6.718541119204247,,45.82811590624504,,,,0.0,0.0,0.0,0.0,,0.3007418723886902,0.0,1.0,0.0,,1.0,0.0,0.0,0.0,0.0,1.0,,,0.0
1,8670_2020,6144.699999999999,0.42116410094723705,1.0477153080666255,5.737380786229356,5.237404819025764,,42.879246201453356,,,,0.0,0.0,0.0,0.0,,0.292062853015358,0.0,1.0,0.0,,1.0,0.0,0.0,0.0,0.0,1.0,,,0.0
1,1348036_2021,,,,,,,,,,,,,,,,,,,,,,,,,,,,,
1,1348036_2020,,,,,,,,,,,,,,,,,,,,,,,,,,,,,
1,1418100_2021,2221000000.0,0.7470568449377732,1.4503190519598905,-0.15454921192860274,0.7477845944103613,-128.0498279676923,-0.8861622358554875,1503000000.0,,,-0.0,-0.0,-0.0,-0.0,1664647763.58,-0.017287234042553192,0.0,0.0,1.0,0.0,0.0,0.0,0.0,1.0,0.0,1.0,,0.0,0.0
1,1418100_2020,2159000000.0,0.7514792899408284,1.3887423043095866,0.44429296856064077,0.7846790890269151,36.01227372972973,2.5534851621808143,838000000.0,,,0.0,0.0,0.0,0.0,1332454128.0,0.05182072829131653,0.0,0.0,1.0,1.0,0.0,0.0,0.0,1.0,0.0,1.0,,0.0,0.0
1,1576169_2021,,,,,,,,,,,,,,,,,,,,,,,,,,,,,
1,1031308_2021,,,,,,,,,,,,,,,,,,,,,,,,,,,,,
1,1786352_2021,176459000.0,0.7405997523765555,1.5505441683411025,-1.2062981461102175e-07,0.8374249906829111,,-4.1049203231364474e-07,-52161000.0,,,-0.0,-0.0,-0.0,-0.0,,-1.8444811183380255e-07,1.0,0.0,1.0,,0.0,0.0,0.0,1.0,0.0,1.0,,,0.0
1,1786352_2020,118456000.0,0.7516243654822335,1.4190018528822248,-0.10446411753625919,1.956547155105222,,-0.9706619496781963,4946000.0,,,-0.0,-0.0,-0.0,-0.0,,-0.21252299202942979,0.0,0.0,0.0,,0.0,0.0,0.0,1.0,0.0,1.0,,,0.0
1,1280058_2021,,,,,,,,,,,,,,,,,,,,,,,,,,,,,
1,1280058_2020,,,,,,,,,,,,,,,,,,,,,,,,,,,,,
1,1666134_2021,,,,,,,,,,,,,,,,,,,,,,,,,,,,,
1,1666134_2020,,,,,,,,,,,,,,,,,,,,,,,,,,,,,
1,1073349_2021,318095000.0,0.6747835715937319,1.678439448764339,-0.3767143881397877,0.19022397094430993,,-1.98781535577599,188904000.0,,,-0.0,-0.0,-0.0,-0.0,,-0.10624364025360712,1.0,0.0,0.0,,0.0,0.0,0.0,1.0,0.0,1.0,,,0.0
1,1073349_2020,305804000.0,0.6915184941465918,2.064314190855878,-0.07120838471023427,0.19609991293047774,,-0.392597260316954,185654000.0,,,-0.0,-0.0,-0.0,-0.0,,-0.022013385428502313,0.0,0.0,0.0,,0.0,0.0,0.0,1.0,0.0,1.0,,,0.0
1,1378590_2021,8726000.0,0.6581190135002639,1.2499100179964007,-0.656612933498038,0.0831778219086491,,-6.6751823724889485,3350000.0,,,-0.0,-0.0,-0.0,-0.0,,-1.4756232075887934,0.0,0.0,0.0,,0.0,0.0,0.0,1.0,0.0,1.0,,,0.0
1,813672_2021,2451865000.0,0.9138891591197704,1.8556377446009578,2.1174513606820082,0.31961582307067177,,23.691926813203914,,,,0.0,0.0,0.0,0.0,,2.556612675629583,1.0,1.0,0.0,,1.0,0.0,0.0,1.0,0.0,1.0,,,1.0
1,813672_2020,,,,,,,,,,,,,,,,,,,,,,,,,,,,,
1,1609702_2021,,,1.5267445017648655,8.51275720164609,0.7660149750415973,,215.12063227953408,,,,0.0,0.0,0.0,0.0,,,1.0,1.0,1.0,,1.0,0.0,0.0,,0.0,1.0,,,
1,1609702_2020,,,1.3014426727410784,1.71345995045417,-0.8837443381982888,,-34.80959570541855,,,,0.0,0.0,0.0,0.0,,,0.0,1.0,0.0,,0.0,0.0,0.0,,0.0,1.0,,,
1,1768267_2021,286108000.0,0.7389496412539839,1.736432983080171,1.2069165023011177,0.16019167688200436,,4.447233137424959,161668000.0,,,0.0,0.0,0.0,0.0,,0.4540534657775491,1.0,1.0,0.0,,0.0,0.0,0.0,1.0,0.0,1.0,,,0.0
1,1725057_2021,,,,,,,,,,,,,,,,,,,,,,,,,,,,,
1,1169652_2021,,,,,,,,,,,,,,,,,,,,,,,,,,,,,
1,1022505_2021,,,4.196875512525105,,0.282511478146801,,,,,,,,,,,,0.0,,0.0,,,,,,,,,,
1,877890_2021,,,,,,,,,,,,,,,,,,,,,,,,,,,,,
1,877890_2020,,,,,,,,,,,,,,,,,,,,,,,,,,,,,
1,827876_2021,,,,,,,,,,,-0.0,-0.0,-0.0,-0.0,,,,,,,,0.0,0.0,,0.0,1.0,,,
1,827876_2020,,,,,,,,,,,-0.0,-0.0,-0.0,-0.0,,,,,,,,0.0,0.0,,0.0,1.0,,,
1,1535379_2021,680070000.0,0.7823569066951354,1.5049124653714547,-0.5587994961965878,0.23881275907645433,,-5.8607190575829495,32923000.0,,,-0.0,-0.0,-0.0,-0.0,,-0.8601708353595365,1.0,0.0,0.0,,0.0,0.0,0.0,1.0,0.0,1.0,,,0.0
1,1535379_2020,561689000.0,0.7072467454302555,1.2206284011670012,-0.2177981761361804,0.1983470735198305,,-2.1986692454098202,-107252000.0,,,-0.0,-0.0,-0.0,-0.0,,-0.27650084730453933,0.0,0.0,0.0,,0.0,0.0,0.0,1.0,0.0,1.0,,,0.0
1,1477333_2021,,,,,,,,,,,,,,,,,,,,,,,,,,,,,
1,1477333_2020,,,,,,,,,,,,,,,,,,,,,,,,,,,,,
1,1169561_2021,614099000.0,0.8488220691332906,1.6280727327291922,-0.6659352007228605,0.348886364804921,,-2.8937220422643835,87110000.0,,,-0.0,-0.0,-0.0,-0.0,,-0.28301317509805896,1.0,0.0,0.0,,0.0,0.0,0.0,1.0,0.0,1.0,,,0.0
1,1169561_2020,553807000.0,0.8254872295549908,1.5634751060708438,0.19419269305166156,0.33571857000242167,,0.9129839913596054,99570000.0,,,0.0,0.0,0.0,0.0,,0.07631664360511796,1.0,0.0,0.0,,0.0,0.0,0.0,1.0,0.0,1.0,,,0.0
1,1401680_2021,,,,,,,,,,,,,,,,,,,,,,,,,,,,,
1,1401680_2020,,,,,,,,,,,,,,,,,,,,,,,,,,,,,
1,1385867_2021,319942000.0,0.5906879623663557,0.8047530539129747,,0.681823407938389,,,55148000.0,,,,,,,,,0.0,,1.0,,,,,1.0,,,,,
1,1385867_2020,250503000.0,0.642778514776031,1.819477727657175,,0.6461589842979096,,,65791000.0,,,,,,,,,1.0,,1.0,,,,,1.0,,,,,
1,1535527_2021,,,2.6544682260382397,-0.10973702695358364,0.991935205967557,,-2.458492902383944,,,,-0.0,-0.0,-0.0,-0.0,,-0.09324097671480537,0.0,0.0,1.0,,0.0,0.0,0.0,,0.0,1.0,,,0.0
1,1535527_2020,,,2.376080925418174,-0.20339754425724,0.6644540477316614,,-2.9509221716005913,,,,-0.0,-0.0,-0.0,-0.0,,-0.15462447132255855,0.0,0.0,1.0,,0.0,0.0,0.0,,0.0,1.0,,,0.0
1,1724570_2021,,,,,,,,,,,,,,,,,,,,,,,,,,,,,
1,317788_2021,134930000.0,0.4302902936740024,0.8761662273164851,0.6101622385194274,0.2977391444108114,,14.701990302965365,,,,0.0,0.0,0.0,0.0,,0.3072169449591098,0.0,0.0,0.0,,0.0,0.0,0.0,0.0,0.0,1.0,,,0.0
1,1261333_2021,1088989000.0,0.7494520135962567,1.063279096721196,-1.2617124896917642,0.642191470838077,,-14.29087550976529,190203000.0,,,-0.0,-0.0,-0.0,-0.0,,-0.6682094611298199,0.0,0.0,1.0,,0.0,0.0,0.0,1.0,0.0,1.0,,,0.0
1,1261333_2020,730737000.0,0.7502656649941323,1.3601406410986145,-1.1495415273593963,0.4118078504979032,,-12.364293865237096,49725000.0,,,-0.0,-0.0,-0.0,-0.0,,-0.8566195515429587,0.0,0.0,0.0,,0.0,0.0,0.0,1.0,0.0,1.0,,,0.0
1,1505952_2021,153432000.0,0.7300028546959749,0.8884155721216425,-0.34563637740368264,0.17911457159207173,,-0.9080872364899625,-16337000.0,,,-0.0,-0.0,-0.0,-0.0,,-0.166102770141679,0.0,0.0,0.0,,0.0,0.0,0.0,1.0,0.0,1.0,,,0.0
1,1467623_2021,,,,,,,,,,,,,,,,,,,,,,,,,,,,,
1,1467623_2020,,,,,,,,,,,,,,,,,,,,,,,,,,,,,
1,1160951_2021,150264000.0,0.5771615133474169,5.1459226978187464,,0.1199554423062712,,-0.048854719475379685,94720000.0,,,-0.0,-0.0,-0.0,-0.0,,-0.0032429191722834873,0.0,,0.0,,0.0,0.0,0.0,1.0,0.0,1.0,,,0.0
1,1773383_2021,575801000.0,0.8184699840371623,1.0499621089933648,0.2674175691541643,0.39188291736424957,,4.579490579001868,219604000.0,,,0.0,0.0,0.0,0.0,,0.5928681053653647,0.0,0.0,0.0,,0.0,0.0,0.0,1.0,0.0,1.0,,,0.0
1,1773383_2020,416872000.0,0.76377740686658,0.9611883820822255,-1.488408314896645,0.3107388262093486,,-26.569091243063355,-43008000.0,,,-0.0,-0.0,-0.0,-0.0,,-3.2422303402595185,0.0,0.0,0.0,,0.0,0.0,0.0,1.0,0.0,1.0,,,0.0
1,814549_2021,,,,,,,,,,,,,,,,,,,,,,,,,,,,,
1,814549_2020,,,,,,,,,,,,,,,,,,,,,,,,,,,,,
1,1707753_2021,447435000.0,0.7353214273388673,1.4159839116473896,-1.4296730669703759,0.41991741899363144,,-12.077728789045187,31576000.0,,,-0.0,-0.0,-0.0,-0.0,,-0.8036683348442137,0.0,0.0,0.0,,0.0,0.0,0.0,1.0,0.0,1.0,,,0.0
1,1707753_2020,304930000.0,0.7130863851082737,1.4940981382846334,-2.017621255749878,0.35761937186522297,,-18.599936803784654,-48415000.0,,,-0.0,-0.0,-0.0,-0.0,,-1.3625723367837639,0.0,0.0,0.0,,0.0,0.0,0.0,1.0,0.0,1.0,,,0.0
1,1337619_2021,,,,,,,,,,,,,,,,,,,,,,,,,,,,,
1,1337619_2020,,,,,,,,,,,,,,,,,,,,,,,,,,,,,
1,1437352_2021,,,,,,,,,,,,,,,,,,,,,,,,,,,,,
1,1437352_2020,,,,,,,,,,,,,,,,,,,,,,,,,,,,,
1,814547_2021,,,0.9852773659843314,14.222431804991293,0.21631569317442015,27.979040817783947,15.166820558862701,,,,0.0,0.0,0.0,0.0,10970134240.0,,0.0,1.0,0.0,1.0,1.0,0.0,0.0,,0.0,1.0,,1.0,
1,814547_2020,,,1.288453141171163,,0.1890104187803429,,10.77996533608991,,,,0.0,0.0,0.0,0.0,,,0.0,,0.0,,0.0,0.0,0.0,,0.0,1.0,,,
1,922521_2021,,,,,,,,,,,,,,,,,,,,,,,,,,,,,
1,1517413_2021,,,,,,,,,,,,,,,,,,,,,,,,,,,,,
1,1517413_2020,,,,,,,,,,,,,,,,,,,,,,,,,,,,,
1,1370880_2021,,,,,,,,,,,,,,,,,,,,,,,,,,,,,
1,1370880_2020,,,,,,,,,,,,,,,,,,,,,,,,,,,,,
1,1288847_2021,,,,,,,,,,,,,,,,,,,,,,,,,,,,,
1,1288847_2020,,,,,,,,,,,,,,,,,,,,,,,,,,,,,
1,1262039_2021,,,,,,,,,,,,,,,,,,,,,,,,,,,,,
1,1262039_2020,,,,,,,,,,,,,,,,,,,,,,,,,,,,,
1,1682325_2021,,,,,,,,,,,,,,,,,,,,,,,,,,,,,
1,1528396_2021,368213000.0,0.4953980198232936,4.512893171813502,,0.1856995159546971,,,269470000.0,,,,,,,9583966886.4,,0.0,,0.0,,,,,0.0,,,,1.0,
1,1528396_2020,404292000.0,0.5446425804956709,5.964608921926483,,0.13592609224707383,,,314129000.0,,,,,,,9820130095.5,,0.0,,0.0,,,,,1.0,,,,1.0,
1,1404655_2021,,,,,,,,,,,,,,,,,,,,,,,,,,,,,
1,1404655_2020,,,,,,,,,,,,,,,,,,,,,,,,,,,,,
1,837852_2021,,,,,,,,,,,,,,,,,,,,,,,,,,,,,
1,896878_2021,8069000000.0,0.8376414408803072,1.9423728813559322,7.5466173806430366,0.21592387768379961,,16.76968119713728,,,,0.0,0.0,0.0,0.0,,1.3184143222506395,1.0,1.0,0.0,,1.0,0.0,0.0,1.0,0.0,1.0,,,1.0
1,896878_2020,,,2.2612638141116466,6.976388782761519,0.3242076251722554,,16.77537896187414,,,,0.0,0.0,0.0,0.0,,1.4221183800623054,0.0,1.0,0.0,,1.0,0.0,0.0,,0.0,1.0,,,1.0
1,829323_2021,,,,,,,,,,,,,,,,,,,,,,,,,,,,,
1,829323_2020,,,,,,,,,,,,,,,,,,,,,,,,,,,,,
1,1084048_2021,,,,,,,,,,,,,,,,,,,,,,,,,,,,,
1,1084048_2020,,,,,,,,,,,,,,,,,,,,,,,,,,,,,
1,807882_2021,,,0.5134471504196727,,0.18650179209844414,,9.394347805387858,,,,0.0,0.0,0.0,0.0,,,0.0,,0.0,,0.0,0.0,0.0,,0.0,1.0,,,
1,807882_2020,,,0.9859763657838604,,0.2080135141494587,,5.486089508015776,,,,0.0,0.0,0.0,0.0,,6.873726931618041,0.0,,0.0,,0.0,0.0,0.0,,0.0,1.0,,,1.0
1,1721947_2021,,,,,,,,,,,,,,,,,,,,,,,,,,,,,
1,1102993_2021,,,,,,,,,,,,,,,,,,,,,,,,,,,,,
1,1102993_2020,,,,,,,,,,,,,,,,,,,,,,,,,,,,,
1,1056696_2021,,,,,,,,,,,,,,,,,,,,,,,,,,,,,
1,1056696_2020,,,,,,,,,,,,,,,,,,,,,,,,,,,,,
1,1540184_2021,,,2.37293992763112,-0.3146536488187465,0.3406699667585836,,-4.291116675787966,32656000.0,,,-0.0,-0.0,-0.0,-0.0,,,0.0,0.0,0.0,,0.0,0.0,0.0,,0.0,1.0,,,
1,1540184_2020,,,1.6637523870048219,-0.24080745315615001,0.36883834769122587,,-3.6263587466703386,30259000.0,,,-0.0,-0.0,-0.0,-0.0,,,1.0,0.0,0.0,,0.0,0.0,0.0,,0.0,1.0,,,
1,789019_2021,115856000000.0,0.689258007710247,2.0799936835218875,8.148822981779492,0.624397836436882,,43.152238217314135,,,,0.0,0.0,0.0,0.0,,1.1730548322867207,0.0,1.0,1.0,,1.0,0.0,0.0,1.0,0.0,1.0,,,1.0
1,789019_2020,96937000000.0,0.6778100199279796,2.5157654542940118,5.8487650244353455,0.6112219367054368,,37.4298417635921,,,,0.0,0.0,0.0,0.0,,0.9610009114978949,0.0,1.0,1.0,,1.0,0.0,0.0,1.0,0.0,1.0,,,0.0
1,1050446_2021,,,,,,,,,,,,,,,,,,,,,,,,,,,,,
1,1050446_2020,,,,,,,,,,,,,,,,,,,,,,,,,,,,,
1,807863_2021,107725000.0,0.8992295299548403,5.204315335764748,0.1806244198419706,0.19610873533898518,83.93106542993232,3.9902968464751045,93652000.0,,,0.0,0.0,0.0,0.0,669602040.0,0.6608681245858185,0.0,0.0,0.0,1.0,0.0,0.0,0.0,1.0,0.0,1.0,,0.0,0.0
1,807863_2020,91421000.0,0.9023887079261672,3.454015437674495,0.18702728578267114,0.16623213530078215,,5.33313313040036,80319000.0,,,0.0,0.0,0.0,0.0,,0.790170896956214,0.0,0.0,0.0,,0.0,0.0,0.0,1.0,0.0,1.0,,,0.0
1,1576914_2021,83029000.0,0.6543177770422557,2.3618680612900267,0.02410090178160075,0.26498046906656725,,11.827965703356726,62063000.0,,,0.0,0.0,0.0,0.0,,0.33272540750028495,0.0,0.0,0.0,,0.0,0.0,0.0,1.0,0.0,1.0,,,0.0
1,1576914_2020,92635000.0,0.6360109852385857,1.9393477155516816,0.01828320580962302,0.27806503736618865,,11.095738234700061,74063000.0,,,0.0,0.0,0.0,0.0,,0.20724323304725079,1.0,0.0,0.0,,0.0,0.0,0.0,1.0,0.0,1.0,,,0.0
1,1118417_2021,,,2.3049171150436973,-0.8246762250755706,0.2534872598074255,,-7.8146680401967785,72234000.0,,,-0.0,-0.0,-0.0,-0.0,,,0.0,0.0,0.0,,0.0,0.0,0.0,,0.0,1.0,,,
1,1118417_2020,,,3.172533669816908,-0.39240688090520087,0.22067213710960584,,-3.882347592853571,58890000.0,,,-0.0,-0.0,-0.0,-0.0,,,0.0,0.0,0.0,,0.0,0.0,0.0,,0.0,1.0,,,
1,1441816_2021,413304000.0,0.7000643653240286,3.22074738887745,-4.383428406085403,0.38027333610773845,,-28.631860753465503,-32228000.0,,,-0.0,-0.0,-0.0,-0.0,,-1.5075108992748876,0.0,0.0,0.0,,0.0,0.0,0.0,1.0,0.0,1.0,,,0.0
1,1441816_2020,296364000.0,0.7027506402352272,4.592695887517328,-3.0588048354706063,0.3222647239096589,,-23.336750309455716,-22510000.0,,,-0.0,-0.0,-0.0,-0.0,,-1.4001882638246275,0.0,0.0,0.0,,0.0,0.0,0.0,1.0,0.0,1.0,,,0.0
1,1566895_2021,116158000.0,0.5685853161880241,3.822485565121184,-0.004228792225224534,0.2721018676839637,,-0.09313724337279122,45527000.0,,,-0.0,-0.0,-0.0,-0.0,,-0.0044931071651443805,0.0,0.0,0.0,,0.0,0.0,0.0,1.0,0.0,1.0,,,0.0
1,1448056_2021,,,2.268849251440952,-3.0209068523659406,0.4614170051402714,-20.351504698613777,-19.235820311212624,10164000.0,,,-0.0,-0.0,-0.0,-0.0,3919903320.0,,0.0,0.0,0.0,0.0,0.0,0.0,0.0,,0.0,1.0,,1.0,
1,1448056_2020,,,2.656667073837836,-1.4862963334336041,0.4825011307158809,-31.110888831419995,-11.395181676893293,17748000.0,,,-0.0,-0.0,-0.0,-0.0,2766909120.0,,0.0,0.0,0.0,0.0,0.0,0.0,0.0,,0.0,1.0,,1.0,
1,849399_2021,,,0.7200374531835206,0.9551724137931035,0.9582772543741588,22.425270758122746,24.854194706146256,1258000000.0,,,0.0,0.0,0.0,0.0,12423600000.000002,,0.0,0.0,1.0,1.0,1.0,0.0,0.0,,0.0,1.0,,1.0,
1,849399_2020,,,1.1742944317315027,6.599320882852292,0.7812872467222884,2.771497298687934,115.82240762812872,748000000.0,,,0.0,0.0,0.0,0.0,10772810000.0,,0.0,1.0,1.0,0.0,1.0,0.0,0.0,,0.0,1.0,,1.0,
1,1002517_2021,,,0.6501272689473463,-0.08466946089193444,0.4517526571853738,-650.0572865374542,-1.3005390769997383,,19736043040.0,,-0.0,-0.0,-0.0,-0.0,17373431040.0,-0.0505225986831534,0.0,0.0,0.0,0.0,0.0,0.0,0.0,,0.0,1.0,,1.0,0.0
1,1002517_2020,,,0.7463276079915468,,0.6359875864844367,,3.5391546839609744,,,,0.0,0.0,0.0,0.0,,0.08588769819967164,0.0,,1.0,,0.0,0.0,0.0,,0.0,1.0,,,0.0
1,1618732_2021,,,,,,,,,,,,,,,,,,,,,,,,,,,,,
1,1618732_2020,1020993000.0,0.7807655072104686,1.439115604647706,-0.9177960772274188,0.3385933421819186,-24.177484030040787,-8.255373733954515,-542232000.0,,,-0.0,-0.0,-0.0,-0.0,4481248310.0,-0.6465124228693812,0.0,0.0,0.0,0.0,0.0,0.0,0.0,1.0,0.0,1.0,,1.0,0.0
1,746210_2021,,,,,,,,,,,,,,,,,,,,,,,,,,,,,
1,1660134_2021,617743000.0,0.7394365017045237,1.86241001957798,-0.1419917931348922,0.9332876838057698,-1824.1195091743118,-1.0530790485575714,13522000.0,,,-0.0,-0.0,-0.0,-0.0,31812644240.0,-0.08011723577161076,1.0,0.0,1.0,0.0,0.0,0.0,0.0,1.0,0.0,1.0,,1.0,0.0
1,1660134_2020,426685000.0,0.7280481583163699,2.9247407959953415,,0.4947366231172506,,-1.5173250937982785,-26450000.0,,,-0.0,-0.0,-0.0,-0.0,,-0.10525027920342322,0.0,,0.0,,0.0,0.0,0.0,1.0,0.0,1.0,,,0.0
1,1044777_2021,,,,,,,,,,,,,,,,,,,,,,,,,,,,,
1,1568100_2021,182870000.0,0.8563093521137313,3.6962141128238386,-0.8313342766133385,0.28103447714705104,,-11.212965464268162,-35596000.0,,,-0.0,-0.0,-0.0,-0.0,,-2.2454213647917616,0.0,0.0,0.0,,0.0,0.0,0.0,1.0,0.0,1.0,,,0.0
1,1568100_2020,141772000.0,0.8522461542160853,3.5206812017525557,-0.6470845779739551,0.23620145870293713,,-10.336380511203101,-30980000.0,,,-0.0,-0.0,-0.0,-0.0,,-2.0480491476463647,0.0,0.0,0.0,,0.0,0.0,0.0,1.0,0.0,1.0,,,0.0
1,1327567_2021,2981.2000000000003,0.7004534667888442,0.9082611839662283,-5.127440904419322,8.06414499605989,,-78.62884160756501,970.8000000000002,,,-0.0,-0.0,-0.0,-0.0,,-0.391324809789003,0.0,0.0,0.0,,0.0,0.0,0.0,1.0,0.0,1.0,,,0.0
1,1327567_2020,2408.9,0.7067539021241639,1.9055615410335476,-0.6116303219106958,2.4430023597749138,,-5.345797785442004,820.5,,,-0.0,-0.0,-0.0,-0.0,,-0.05892946473236618,1.0,0.0,0.0,,0.0,0.0,0.0,1.0,0.0,1.0,,,0.0
1,1084384_2021,,,,,,,,,,,,,,,,,,,,,,,,,,,,,
1,723531_2021,,,1.2493418654570492,,1.675101763907734,,,,,,,,,,,,0.0,,0.0,,,,,,,,,,
1,723531_2020,,,1.2344078248887485,,1.5916085424606312,,,,,,,,,,,,0.0,,0.0,,,,,,,,,,
1,1590955_2021,,,,,,,,,,,,,,,,,,,,,,,,,,,,,
1,1590955_2020,,,,,,,,,,,,,,,,,,,,,,,,,,,,,
1,1591698_2021,412427000.0,0.6528584431516878,1.08884069552698,1.2971938308239002,3.914654142117292,,14.848929612312078,273439000.0,,,0.0,0.0,0.0,0.0,,0.3229350016872019,0.0,1.0,0.0,,0.0,0.0,0.0,1.0,0.0,1.0,,,0.0
1,1591698_2020,364202000.0,0.6667777346524792,1.1804292588754666,1.198226502082094,3.5859285125271056,,16.404603622221998,233064000.0,,,0.0,0.0,0.0,0.0,,0.35412889401681225,0.0,1.0,0.0,,1.0,0.0,0.0,1.0,0.0,1.0,,,0.0
1,1013857_2021,,,,,,,,,,,,,,,,,,,,,,,,,,,,,
1,1013857_2020,,,,,,,,,,,,,,,,,,,,,,,,,,,,,
1,1679826_2021,,,,,,,,,,,,,,,,,,,,,,,,,,,,,
1,1679826_2020,,,,,,,,,,,,,,,,,,,,,,,,,,,,,
1,1725579_2021,,,,,,,,,,,,,,,,,,,,,,,,,,,,,
1,1725579_2020,,,,,,,,,,,,,,,,,,,,,,,,,,,,,
1,876167_2021,,,,,,,,,,,,,,,,,,,,,,,,,,,,,
1,876167_2020,,,,,,,,,,,,,,,,,,,,,,,,,,,,,
1,1212458_2021,,,,,,,,,,,,,,,,,,,,,,,,,,,,,
1,1212458_2020,,,,,,,,,,,,,,,,,,,,,,,,,,,,,
1,1392972_2021,,,,,,,,,,,,,,,,,,,,,,,,,,,,,
1,1392972_2020,,,,,,,,,,,,,,,,,,,,,,,,,,,,,
1,857005_2021,1219444000.0,0.6747851185202851,1.3769213198816346,4.070593958843662,0.38228807123781194,,23.39614848013312,751850000.0,,,0.0,0.0,0.0,0.0,,0.811486860127783,0.0,1.0,0.0,,1.0,0.0,0.0,1.0,0.0,1.0,,,0.0
1,857005_2020,935934000.0,0.641747376432634,1.2242890299077502,1.1254682454251883,0.424750799886194,,8.154534019496758,545134000.0,,,0.0,0.0,0.0,0.0,,0.25014306740340797,0.0,1.0,0.0,,0.0,0.0,0.0,1.0,0.0,1.0,,,0.0
1,1410384_2021,,,,,,,,,,,,,,,,,,,,,,,,,,,,,
1,1410384_2020,,,,,,,,,,,,,,,,,,,,,,,,,,,,,
1,1036188_2021,,,1.381922622629315,0.6368345323741007,0.8728492924184215,,5.3810241696250545,,,,0.0,0.0,0.0,0.0,,0.08825734613789363,0.0,0.0,1.0,,0.0,0.0,0.0,,0.0,1.0,,,0.0
1,1107843_2021,,,,,,,,,,,,,,,,,,,,,,,,,,,,,
1,1107843_2020,,,,,,,,,,,,,,,,,,,,,,,,,,,,,
1,892482_2021,,,,,,,,,,,,,,,,,,,,,,,,,,,,,
1,1560327_2021,,,,,,,,,,,,,,,,,,,,,,,,,,,,,
1,1560327_2020,,,,,,,,,,,,,,,,,,,,,,,,,,,,,
1,1046327_2021,,,,,,,,,,,,,,,,,,,,,,,,,,,,,
1,1046327_2020,,,,,,,,,,,,,,,,,,,,,,,,,,,,,
1,1286225_2021,,,,,,,,,,,,,,,,,,,,,,,,,,,,,
1,1286225_2020,,,,,,,,,,,,,,,,,,,,,,,,,,,,,
1,1384905_2021,,,,,,,,,,,,,,,,,,,,,,,,,,,,,
1,1384905_2020,,,,,,,,,,,,,,,,,,,,,,,,,,,,,
1,1167419_2021,,,,,,,,,,,,,,,,,,,,,,,,,,,,,
1,823546_2021,,,,,,,,,,,-0.0,-0.0,-0.0,-0.0,,,,,,,,0.0,0.0,,0.0,1.0,,,
1,823546_2020,,,0.11146981440659888,,-1.1254541671335052,,200.13605006642445,,,,-0.0,-0.0,-0.0,-0.0,,,0.0,,0.0,,1.0,0.0,0.0,,0.0,1.0,,,
1,1627857_2021,,,,,,,,,,,0.0,0.0,0.0,0.0,,,,,,,,0.0,0.0,,0.0,1.0,,,
1,1627857_2020,,,,,,,,,,,,,,,,,,,,,,,,,,,,,
1,1108524_2021,15814000000.0,0.7441182006399397,1.2347134476534296,4.430903155603917,0.427252789627166,,9.813703516255753,5893000000.0,,,0.0,0.0,0.0,0.0,,0.748804707613093,0.0,1.0,0.0,,0.0,0.0,0.0,1.0,0.0,1.0,,,0.0
1,1108524_2020,12863000000.0,0.752310211720669,1.0753115527113506,0.14109742441209405,0.438099454035709,,0.37184594953519257,4532000000.0,,,0.0,0.0,0.0,0.0,,0.02975206611570248,0.0,0.0,0.0,,0.0,0.0,0.0,1.0,0.0,1.0,,,0.0
1,1019671_2021,13486000.0,0.6130278649029501,2.1257081862221856,,0.04941853387760402,,-8.829114694496969,-9452000.0,,,-0.0,-0.0,-0.0,-0.0,,-2.5559732174321628,0.0,,0.0,,0.0,0.0,0.0,1.0,0.0,1.0,,,0.0
1,1468666_2021,318867000.0,0.5683559285177012,1.1762383637969696,-3.8e-07,0.32086109463843443,-36421052.631578945,-2.8996755851676145e-06,209332000.0,,,-0.0,-0.0,-0.0,-0.0,968800000.0,-1.0984155562070803e-07,0.0,0.0,0.0,0.0,0.0,0.0,0.0,1.0,0.0,1.0,,0.0,0.0
1,1468666_2020,299969000.0,0.542670031568569,1.0969317500136337,,0.3270875813699925,,-5.050262936978738e-06,200622000.0,,,-0.0,-0.0,-0.0,-0.0,,-1.7919587335242646e-07,0.0,,0.0,,0.0,0.0,0.0,1.0,0.0,1.0,,,0.0
1,1373715_2021,,,,,,,,,,,,,,,,,,,,,,,,,,,,,
1,1373715_2020,,,,,,,,,,,,,,,,,,,,,,,,,,,,,
1,1506439_2021,,,,,,,,,,,,,,,,,,,,,,,,,,,,,
1,1351636_2021,,,,,,,,,,,,,,,,,,,,,,,,,,,,,
1,1764925_2021,,,2.7031191276082387,-0.599054026568613,0.8350788758410768,-70.39431859184748,-35.987604112636305,-161392000.0,,,-0.0,-0.0,-0.0,-0.0,21148001980.0,,0.0,0.0,1.0,0.0,0.0,0.0,0.0,,0.0,1.0,,1.0,
1,1764925_2020,,,1.8663749663422702,,0.7335393123686178,,-80.56573693937726,-491087000.0,,,-0.0,-0.0,-0.0,-0.0,,,1.0,,1.0,,0.0,0.0,0.0,,0.0,1.0,,,
1,1366561_2021,299974000.0,0.7781164318712988,1.8145280008319171,-0.9327191794349093,0.3425363381962363,,-12.798681161130318,-34933000.0,,,-0.0,-0.0,-0.0,-0.0,,-1.3441704953296156,1.0,0.0,0.0,,0.0,0.0,0.0,1.0,0.0,1.0,,,0.0
1,1366561_2020,217982000.0,0.8047120148256436,2.7052049391185045,-0.8117152388215733,0.3027054526954594,,-12.451363887670372,-50874000.0,,,-0.0,-0.0,-0.0,-0.0,,-1.813610586011342,0.0,0.0,0.0,,0.0,0.0,0.0,1.0,0.0,1.0,,,0.0
1,948708_2021,,,,,,,,,,,,,,,,,,,,,,,,,,,,,
1,1640147_2021,349461000.0,0.5902568875211343,5.448939771736707,-3.0536550637116626,0.12780723593922685,,-8.729795924976823,-301349000.0,,,-0.0,-0.0,-0.0,-0.0,,-2.222294590004452,0.0,0.0,0.0,,0.0,0.0,0.0,1.0,0.0,1.0,,,0.0
1,1739942_2021,,,,,,,,,,,,,,,,,,,,,,,,,,,,,
1,1739942_2020,,,,,,,,,,,,,,,,,,,,,,,,,,,,,
1,1029744_2021,24873000.0,0.7072823954275315,1.2417950913242009,0.3399209355172084,0.0657170453586399,,1.4427179549695701,11101000.0,,,0.0,0.0,0.0,0.0,,0.2989119875655722,0.0,0.0,0.0,,0.0,0.0,0.0,1.0,0.0,1.0,,,0.0
1,1353283_2021,1682040000.0,0.7544861026695703,2.1461775978719104,,0.3751946720933294,,,-232841000.0,,,,,,,,,0.0,,0.0,,,,,1.0,,,,,
1,1353283_2020,1929138000.0,0.817803525841845,2.151050525186391,,0.36799656763566463,,,142651000.0,,,,,,,,,0.0,,0.0,,,,,1.0,,,,,
1,1517375_2021,,,,,,,,,,,,,,,,,,,,,,,,,,,,,
1,1092699_2021,,,,,,,,,,,,,,,,,,,,,,,,,,,,,
1,1092699_2020,,,,,,,,,,,,,,,,,,,,,,,,,,,,,
1,1402436_2021,,,,,,,,,,,,,,,,,,,,,,,,,,,,,
1,1402436_2020,,,,,,,,,,,,,,,,,,,,,,,,,,,,,
1,1643269_2021,,,3.634618766870837,-0.7835076694898716,0.15770261372488958,,-9.683227252007265,-21167000.0,,,-0.0,-0.0,-0.0,-0.0,,,0.0,0.0,0.0,,0.0,0.0,0.0,,0.0,1.0,,,
1,1739936_2021,,,,,,,,,,,,,,,,,,,,,,,,,,,,,
1,1739936_2020,,,,,,,,,,,,,,,,,,,,,,,,,,,,,
1,1131554_2021,,,,,,,,,,,,,,,,,,,,,,,,,,,,,
1,883241_2021,3662079000.0,0.8710539692159708,1.1636045650188689,4.949079457997413,0.4557925507876378,,14.305881037638876,1596567000.0,,,0.0,0.0,0.0,0.0,,1.3973370914604677,0.0,1.0,0.0,,0.0,0.0,0.0,1.0,0.0,1.0,,,1.0
1,883241_2020,3197974000.0,0.8677693776946724,1.1912663171835236,,0.4360598801321432,,13.537646380856355,1414831000.0,,,0.0,0.0,0.0,0.0,,1.3633028050079314,0.0,,0.0,,0.0,0.0,0.0,1.0,0.0,1.0,,,1.0
1,1660280_2021,,,,,,,,,,,,,,,,,,,,,,,,,,,,,
1,1660280_2020,,,,,,,,,,,,,,,,,,,,,,,,,,,,,
1,816761_2021,,,,,,,,,,,,,,,,,,,,,,,,,,,,,
1,816761_2020,,,,,,,,,,,,,,,,,,,,,,,,,,,,,
1,1671933_2021,,,,,,,,,,,,,,,,,,,,,,,,,,,,,
1,1671933_2020,,,,,,,,,,,,,,,,,,,,,,,,,,,,,
1,1447669_2021,,,,,,,,,,,,,,,,,,,,,,,,,,,,,
1,1447669_2020,,,,,,,,,,,,,,,,,,,,,,,,,,,,,
1,860731_2021,,,,,,,,,,,,,,,,,,,,,,,,,,,,,
1,860731_2020,,,,,,,,,,,,,,,,,,,,,,,,,,,,,
1,1810806_2021,,,,,,,,,,,,,,,,,,,,,,,,,,,,,
1,1505155_2021,,,,,,,,,,,,,,,,,,,,,,,,,,,,,
1,1505155_2020,,,,,,,,,,,,,,,,,,,,,,,,,,,,,
1,1361113_2021,,,,,,,,,,,,,,,,,,,,,,,,,,,,,
1,1361113_2020,,,,,,,,,,,,,,,,,,,,,,,,,,,,,
1,1393052_2021,1056141000.0,0.7208814055856755,3.2276269917536373,2.7724368163248827,0.31590949203995905,99.7101172413539,16.76718203960606,786722000.0,,,0.0,0.0,0.0,0.0,37889645131.48,0.9292540496126458,0.0,1.0,0.0,1.0,1.0,0.0,0.0,1.0,0.0,1.0,,1.0,0.0
1,1393052_2020,,,,,,,,,,,,,,,,,,,,,,,,,,,,,
1,1166388_2021,973177000.0,0.7640521156782771,1.0982458040344187,-0.110486065710854,0.9179462174451275,,-0.5733618317912448,524299000.0,,,-0.0,-0.0,-0.0,-0.0,,-0.02418077516903583,0.0,0.0,1.0,,0.0,0.0,0.0,1.0,0.0,1.0,,,0.0
1,1166388_2020,,,,,,,,,,,,,,,,,,,,,,,,,,,,,
1,1615165_2021,,,,,,,,,,,,,,,,,,,,,,,,,,,,,
1,1082324_2021,,,,,,,,,,,,,,,,,,,,,,,,,,,,,
1,1124610_2021,10475000000.0,0.8902014107249087,1.02694967803482,6.698739022596038,0.9265274555297757,20.578499854227406,22.73781902552204,,,,0.0,0.0,0.0,0.0,42350552700.0,1.5928792569659442,0.0,1.0,1.0,1.0,1.0,0.0,0.0,1.0,0.0,1.0,,1.0,1.0
1,1124610_2020,9578000000.0,0.885949495883822,0.6481015110422317,20.88599348534202,1.4729633328577543,7.088961322520275,91.48237979740334,,,,0.0,0.0,0.0,0.0,45454420000.0,5.200324412003244,0.0,1.0,1.0,0.0,1.0,0.0,0.0,1.0,0.0,1.0,,1.0,1.0
1,1327811_2021,3706084000.0,0.8582879650652756,1.1212831407110742,-0.3897119565217391,0.6846829447975167,-583.8414659656659,-1.1464066139125964,-248599000.0,,,-0.0,-0.0,-0.0,-0.0,41865520000.0,-0.11718515080599824,0.0,0.0,1.0,0.0,0.0,0.0,0.0,1.0,0.0,1.0,,1.0,0.0
1,1327811_2020,3050461000.0,0.8409946939876037,1.0421694050388564,-0.7924470588235294,0.5833585288713362,-232.98717301582587,-2.6465825322330985,-502230000.0,,,-0.0,-0.0,-0.0,-0.0,31387100000.0,-0.23357983164136664,0.0,0.0,1.0,0.0,0.0,0.0,0.0,1.0,0.0,1.0,,1.0,0.0
1,1445305_2021,,,,,,,,,,,,,,,,,,,,,,,,,,,,,
1,1445305_2020,,,,,,,,,,,,,,,,,,,,,,,,,,,,,
1,1803696_2021,,,,,,,,,,,,,,,,,,,,,,,,,,,,,
1,1614178_2021,,,1.4459661517291216,-0.14768224249633913,0.35447513601377784,,-2.4949143859180607,-7928000.0,,,-0.0,-0.0,-0.0,-0.0,,,0.0,0.0,0.0,,0.0,0.0,0.0,,0.0,1.0,,,
1,1614178_2020,,,1.542543114711262,-0.26398084267619787,0.38510207418774606,,-4.807643929007183,-45923000.0,,,-0.0,-0.0,-0.0,-0.0,,,1.0,0.0,0.0,,0.0,0.0,0.0,,0.0,1.0,,,
1,1463172_2021,,,,,,,,,,,,,,,,,,,,,,,,,,,,,
1,1463172_2020,,,,,,,,,,,,,,,,,,,,,,,,,,,,,
1,855612_2021,,,,,,,,,,,,,,,,,,,,,,,,,,,,,
1,1585521_2021,1829379000.0,0.6899755145268405,3.8039637577521934,3.1163551939991785,0.32635121466796624,,17.41405269989098,1481837000.0,,,0.0,0.0,0.0,0.0,,0.8179136217151325,0.0,1.0,0.0,,1.0,0.0,0.0,1.0,0.0,1.0,,,0.0
1,1585521_2020,507262000.0,0.8146719386886542,3.2816763023095588,0.16290414527606917,0.40030313822407526,,3.034380047557207,128092000.0,,,0.0,0.0,0.0,0.0,,0.21928836354812992,0.0,0.0,0.0,,0.0,0.0,0.0,1.0,0.0,1.0,,,0.0
1,1794515_2021,,,,,,,,,,,,,,,,,,,,,,,,,,,,,
1,1713683_2021,,,2.5663568011885505,-1.8896958070704302,0.6367826519045876,,-23.16778160328062,-57495000.0,,,-0.0,-0.0,-0.0,-0.0,,,0.0,0.0,1.0,,0.0,0.0,0.0,,0.0,1.0,,,
1,1713683_2020,,,3.731515141507097,-0.8667263979761627,0.5145653577792776,,-13.973712193677137,-18223000.0,,,-0.0,-0.0,-0.0,-0.0,,,0.0,0.0,1.0,,0.0,0.0,0.0,,0.0,1.0,,,
1,1423774_2021,174650000.0,0.571835505205946,1.5624717415703442,-0.6658234758871702,0.2959990679029548,,-11.521160334862161,56908000.0,,,-0.0,-0.0,-0.0,-0.0,,-0.5595625908082894,1.0,0.0,0.0,,0.0,0.0,0.0,1.0,0.0,1.0,,,0.0
1,1423774_2020,141876000.0,0.5139373390278095,1.6108199492814876,-0.8585459262462166,0.29824943679802346,,-15.01763889164012,48516000.0,,,-0.0,-0.0,-0.0,-0.0,,-0.6215037896572541,1.0,0.0,0.0,,0.0,0.0,0.0,1.0,0.0,1.0,,,0.0
